-- phpMyAdmin SQL Dump
-- version 4.9.0.1
-- https://www.phpmyadmin.net/
--
-- Servidor: 127.0.0.1
-- Tiempo de generación: 01-10-2019 a las 08:40:21
-- Versión del servidor: 10.4.6-MariaDB
-- Versión de PHP: 7.3.9

SET SQL_MODE = "NO_AUTO_VALUE_ON_ZERO";
SET AUTOCOMMIT = 0;
START TRANSACTION;
SET time_zone = "+00:00";


/*!40101 SET @OLD_CHARACTER_SET_CLIENT=@@CHARACTER_SET_CLIENT */;
/*!40101 SET @OLD_CHARACTER_SET_RESULTS=@@CHARACTER_SET_RESULTS */;
/*!40101 SET @OLD_COLLATION_CONNECTION=@@COLLATION_CONNECTION */;
/*!40101 SET NAMES utf8mb4 */;

--
-- Base de datos: `ibc`
--

-- --------------------------------------------------------

--
-- Estructura de tabla para la tabla `actividad`
--

CREATE TABLE `actividad` (
  `id_actividad_num` int(10) UNSIGNED NOT NULL,
  `actividad_str` varchar(70) NOT NULL,
  `activo_num` int(10) UNSIGNED DEFAULT NULL,
  `usuario_creador_num` int(11) NOT NULL,
  `dia_creado_dat` datetime DEFAULT NULL,
  `usuario_modificador_num` int(11) NOT NULL,
  `dia_modificado_dat` datetime DEFAULT NULL
) ENGINE=InnoDB DEFAULT CHARSET=latin1;

--
-- Volcado de datos para la tabla `actividad`
--

INSERT INTO `actividad` (`id_actividad_num`, `actividad_str`, `activo_num`, `usuario_creador_num`, `dia_creado_dat`, `usuario_modificador_num`, `dia_modificado_dat`) VALUES
(1, 'Pollada', 1, 1, '2019-09-30 00:00:00', 0, NULL);

-- --------------------------------------------------------

--
-- Estructura de tabla para la tabla `estado`
--

CREATE TABLE `estado` (
  `id_estado_num` int(10) UNSIGNED NOT NULL,
  `estado_str` varchar(80) NOT NULL,
  `activo_num` int(10) UNSIGNED NOT NULL,
  `usuario_creador_num` int(11) NOT NULL,
  `dia_creado_dat` datetime DEFAULT NULL,
  `usuario_modificador_num` int(11) NOT NULL,
  `dia_modificado_dat` datetime DEFAULT NULL
) ENGINE=InnoDB DEFAULT CHARSET=latin1;

--
-- Volcado de datos para la tabla `estado`
--

INSERT INTO `estado` (`id_estado_num`, `estado_str`, `activo_num`, `usuario_creador_num`, `dia_creado_dat`, `usuario_modificador_num`, `dia_modificado_dat`) VALUES
(1, 'Pagado', 1, 1, '2019-09-30 00:00:00', 0, NULL),
(2, 'No pagado', 1, 1, '2019-09-30 00:00:00', 0, NULL);

-- --------------------------------------------------------

--
-- Estructura de tabla para la tabla `evento`
--

CREATE TABLE `evento` (
  `id_evento_num` int(10) UNSIGNED NOT NULL,
  `evento_str` varchar(90) NOT NULL,
  `fecha_inicio_dat` datetime DEFAULT NULL,
  `fecha_fin_dat` datetime DEFAULT NULL,
  `activo_num` int(10) UNSIGNED NOT NULL,
  `usuario_creador_num` int(11) NOT NULL,
  `dia_creado_dat` datetime DEFAULT NULL,
  `usuario_modificador_num` int(11) NOT NULL,
  `dia_modificado_dat` datetime DEFAULT NULL
) ENGINE=InnoDB DEFAULT CHARSET=latin1;

--
-- Volcado de datos para la tabla `evento`
--

INSERT INTO `evento` (`id_evento_num`, `evento_str`, `fecha_inicio_dat`, `fecha_fin_dat`, `activo_num`, `usuario_creador_num`, `dia_creado_dat`, `usuario_modificador_num`, `dia_modificado_dat`) VALUES
(1, 'Festival de la Familia', '2019-10-20 00:00:00', '2019-10-20 00:00:00', 1, 1, '2019-09-30 00:00:00', 0, NULL);

-- --------------------------------------------------------

--
-- Estructura de tabla para la tabla `persona`
--

CREATE TABLE `persona` (
  `id_persona_num` int(10) UNSIGNED NOT NULL,
  `nombre_str` varchar(100) NOT NULL,
  `apellido_paterno_str` varchar(70) NOT NULL,
  `apellido_materno_str` varchar(70) NOT NULL,
  `documento_identidad_str` varchar(10) NOT NULL,
  `activo_num` int(10) UNSIGNED NOT NULL,
  `usuario_creador_num` int(11) NOT NULL,
  `dia_creado_dat` datetime DEFAULT NULL,
  `usuario_modificador_num` int(11) NOT NULL,
  `dia_modificado_dat` datetime DEFAULT NULL
) ENGINE=InnoDB DEFAULT CHARSET=latin1;

--
-- Volcado de datos para la tabla `persona`
--

INSERT INTO `persona` (`id_persona_num`, `nombre_str`, `apellido_paterno_str`, `apellido_materno_str`, `documento_identidad_str`, `activo_num`, `usuario_creador_num`, `dia_creado_dat`, `usuario_modificador_num`, `dia_modificado_dat`) VALUES
(1, 'Estefany Paola', 'Cerron', 'Gonzales', '75361859', 1, 1, '2019-09-30 00:00:00', 0, NULL),
(2, 'Jean Paul', 'Andrade', 'Delgadillo', '98471726', 1, 1, '2019-09-30 00:00:00', 0, NULL),
(3, 'Alan', 'Carrion', '', '12345678', 1, 1, '2019-09-30 00:00:00', 0, NULL);

-- --------------------------------------------------------

--
-- Estructura de tabla para la tabla `rol`
--

CREATE TABLE `rol` (
  `id_rol_num` int(10) UNSIGNED NOT NULL,
  `rol_str` varchar(50) NOT NULL,
  `activo_num` int(10) UNSIGNED NOT NULL,
  `usuario_creador_num` int(11) NOT NULL,
  `dia_creado_dat` datetime DEFAULT NULL,
  `usuario_modificador_num` int(11) NOT NULL,
  `dia_modificado_dat` datetime DEFAULT NULL
) ENGINE=InnoDB DEFAULT CHARSET=latin1;

--
-- Volcado de datos para la tabla `rol`
--

INSERT INTO `rol` (`id_rol_num`, `rol_str`, `activo_num`, `usuario_creador_num`, `dia_creado_dat`, `usuario_modificador_num`, `dia_modificado_dat`) VALUES
(1, 'Administrador tecnico IBC', 1, 1, '2019-09-30 00:00:00', 0, NULL),
(2, 'Secretario', 1, 1, '2019-09-30 00:00:00', 0, NULL),
(3, 'consultor', 1, 1, '2019-09-30 00:00:00', 0, NULL);

-- --------------------------------------------------------

--
-- Estructura de tabla para la tabla `ticket`
--

CREATE TABLE `ticket` (
  `id_ticket_num` int(10) UNSIGNED NOT NULL,
  `id_evento_num` int(10) UNSIGNED NOT NULL,
  `id_actividad_num` int(10) UNSIGNED NOT NULL,
  `id_estado_num` int(10) UNSIGNED NOT NULL,
  `recibo_str` varchar(90) NOT NULL,
  `comentario_str` varchar(100) NOT NULL,
  `usuario_creador_num` int(11) NOT NULL,
  `dia_creado_dat` datetime DEFAULT NULL,
  `usuario_modificador_num` int(11) NOT NULL,
  `dia_modificado_dat` datetime DEFAULT NULL
) ENGINE=InnoDB DEFAULT CHARSET=latin1;

--
-- Volcado de datos para la tabla `ticket`
--

INSERT INTO `ticket` (`id_ticket_num`, `id_evento_num`, `id_actividad_num`, `id_estado_num`, `recibo_str`, `comentario_str`, `usuario_creador_num`, `dia_creado_dat`, `usuario_modificador_num`, `dia_modificado_dat`) VALUES
(1, 1, 1, 1, '199', 'pagado', 1, '2019-09-30 23:26:52', 0, NULL),
(2, 1, 1, 1, '200', 'cancelado\r\n', 1, '2019-09-30 23:26:52', 0, NULL),
(3, 1, 1, 2, '', '', 1, '2019-09-30 23:26:52', 0, NULL),
(4, 1, 1, 1, 'A004', 'CANCELADO', 1, '2019-09-30 23:26:52', 0, NULL),
(5, 1, 1, 2, '', '', 1, '2019-09-30 23:26:52', 0, NULL),
(6, 1, 1, 2, '', '', 1, '2019-09-30 23:26:52', 0, NULL),
(7, 1, 1, 2, '', '', 1, '2019-09-30 23:26:52', 0, NULL),
(8, 1, 1, 2, '', '', 1, '2019-09-30 23:26:52', 0, NULL),
(9, 1, 1, 2, '', '', 1, '2019-09-30 23:26:52', 0, NULL),
(10, 1, 1, 2, '', '', 1, '2019-09-30 23:26:52', 0, NULL),
(11, 1, 1, 2, '', '', 1, '2019-09-30 23:26:52', 0, NULL),
(12, 1, 1, 2, '', '', 1, '2019-09-30 23:26:52', 0, NULL),
(13, 1, 1, 2, '', '', 1, '2019-09-30 23:26:52', 0, NULL),
(14, 1, 1, 2, '', '', 1, '2019-09-30 23:26:52', 0, NULL),
(15, 1, 1, 2, '', '', 1, '2019-09-30 23:26:52', 0, NULL),
(16, 1, 1, 2, '', '', 1, '2019-09-30 23:26:52', 0, NULL),
(17, 1, 1, 2, '', '', 1, '2019-09-30 23:26:52', 0, NULL),
(18, 1, 1, 2, '', '', 1, '2019-09-30 23:26:52', 0, NULL),
(19, 1, 1, 2, '', '', 1, '2019-09-30 23:26:52', 0, NULL),
(20, 1, 1, 2, '', '', 1, '2019-09-30 23:26:52', 0, NULL),
(21, 1, 1, 2, '', '', 1, '2019-09-30 23:26:52', 0, NULL),
(22, 1, 1, 2, '', '', 1, '2019-09-30 23:26:52', 0, NULL),
(23, 1, 1, 2, '', '', 1, '2019-09-30 23:26:52', 0, NULL),
(24, 1, 1, 2, '', '', 1, '2019-09-30 23:26:52', 0, NULL),
(25, 1, 1, 2, '', '', 1, '2019-09-30 23:26:52', 0, NULL),
(26, 1, 1, 2, '', '', 1, '2019-09-30 23:26:52', 0, NULL),
(27, 1, 1, 2, '', '', 1, '2019-09-30 23:26:52', 0, NULL),
(28, 1, 1, 2, '', '', 1, '2019-09-30 23:26:52', 0, NULL),
(29, 1, 1, 2, '', '', 1, '2019-09-30 23:26:52', 0, NULL),
(30, 1, 1, 2, '', '', 1, '2019-09-30 23:26:52', 0, NULL),
(31, 1, 1, 2, '', '', 1, '2019-09-30 23:26:52', 0, NULL),
(32, 1, 1, 2, '', '', 1, '2019-09-30 23:26:52', 0, NULL),
(33, 1, 1, 2, '', '', 1, '2019-09-30 23:26:52', 0, NULL),
(34, 1, 1, 2, '', '', 1, '2019-09-30 23:26:52', 0, NULL),
(35, 1, 1, 2, '', '', 1, '2019-09-30 23:26:52', 0, NULL),
(36, 1, 1, 2, '', '', 1, '2019-09-30 23:26:52', 0, NULL),
(37, 1, 1, 2, '', '', 1, '2019-09-30 23:26:52', 0, NULL),
(38, 1, 1, 2, '', '', 1, '2019-09-30 23:26:52', 0, NULL),
(39, 1, 1, 2, '', '', 1, '2019-09-30 23:26:52', 0, NULL),
(40, 1, 1, 2, '', '', 1, '2019-09-30 23:26:52', 0, NULL),
(41, 1, 1, 2, '', '', 1, '2019-09-30 23:26:52', 0, NULL),
(42, 1, 1, 2, '', '', 1, '2019-09-30 23:26:52', 0, NULL),
(43, 1, 1, 2, '', '', 1, '2019-09-30 23:26:52', 0, NULL),
(44, 1, 1, 2, '', '', 1, '2019-09-30 23:26:52', 0, NULL),
(45, 1, 1, 2, '', '', 1, '2019-09-30 23:26:52', 0, NULL),
(46, 1, 1, 2, '', '', 1, '2019-09-30 23:26:52', 0, NULL),
(47, 1, 1, 2, '', '', 1, '2019-09-30 23:26:52', 0, NULL),
(48, 1, 1, 2, '', '', 1, '2019-09-30 23:26:52', 0, NULL),
(49, 1, 1, 2, '', '', 1, '2019-09-30 23:26:52', 0, NULL),
(50, 1, 1, 2, '', '', 1, '2019-09-30 23:26:52', 0, NULL),
(51, 1, 1, 2, '', '', 1, '2019-09-30 23:26:52', 0, NULL),
(52, 1, 1, 2, '', '', 1, '2019-09-30 23:26:52', 0, NULL),
(53, 1, 1, 2, '', '', 1, '2019-09-30 23:26:52', 0, NULL),
(54, 1, 1, 2, '', '', 1, '2019-09-30 23:26:52', 0, NULL),
(55, 1, 1, 2, '', '', 1, '2019-09-30 23:26:52', 0, NULL),
(56, 1, 1, 2, '', '', 1, '2019-09-30 23:26:52', 0, NULL),
(57, 1, 1, 2, '', '', 1, '2019-09-30 23:26:52', 0, NULL),
(58, 1, 1, 2, '', '', 1, '2019-09-30 23:26:52', 0, NULL),
(59, 1, 1, 2, '', '', 1, '2019-09-30 23:26:52', 0, NULL),
(60, 1, 1, 2, '', '', 1, '2019-09-30 23:26:52', 0, NULL),
(61, 1, 1, 2, '', '', 1, '2019-09-30 23:26:52', 0, NULL),
(62, 1, 1, 2, '', '', 1, '2019-09-30 23:26:52', 0, NULL),
(63, 1, 1, 2, '', '', 1, '2019-09-30 23:26:52', 0, NULL),
(64, 1, 1, 2, '', '', 1, '2019-09-30 23:26:52', 0, NULL),
(65, 1, 1, 2, '', '', 1, '2019-09-30 23:26:52', 0, NULL),
(66, 1, 1, 2, '', '', 1, '2019-09-30 23:26:52', 0, NULL),
(67, 1, 1, 2, '', '', 1, '2019-09-30 23:26:52', 0, NULL),
(68, 1, 1, 2, '', '', 1, '2019-09-30 23:26:52', 0, NULL),
(69, 1, 1, 2, '', '', 1, '2019-09-30 23:26:52', 0, NULL),
(70, 1, 1, 2, '', '', 1, '2019-09-30 23:26:52', 0, NULL),
(71, 1, 1, 2, '', '', 1, '2019-09-30 23:26:52', 0, NULL),
(72, 1, 1, 2, '', '', 1, '2019-09-30 23:26:52', 0, NULL),
(73, 1, 1, 2, '', '', 1, '2019-09-30 23:26:52', 0, NULL),
(74, 1, 1, 2, '', '', 1, '2019-09-30 23:26:52', 0, NULL),
(75, 1, 1, 2, '', '', 1, '2019-09-30 23:26:52', 0, NULL),
(76, 1, 1, 2, '', '', 1, '2019-09-30 23:26:52', 0, NULL),
(77, 1, 1, 2, '', '', 1, '2019-09-30 23:26:52', 0, NULL),
(78, 1, 1, 2, '', '', 1, '2019-09-30 23:26:52', 0, NULL),
(79, 1, 1, 2, '', '', 1, '2019-09-30 23:26:52', 0, NULL),
(80, 1, 1, 2, '', '', 1, '2019-09-30 23:26:52', 0, NULL),
(81, 1, 1, 2, '', '', 1, '2019-09-30 23:26:52', 0, NULL),
(82, 1, 1, 2, '', '', 1, '2019-09-30 23:26:52', 0, NULL),
(83, 1, 1, 2, '', '', 1, '2019-09-30 23:26:52', 0, NULL),
(84, 1, 1, 2, '', '', 1, '2019-09-30 23:26:52', 0, NULL),
(85, 1, 1, 2, '', '', 1, '2019-09-30 23:26:52', 0, NULL),
(86, 1, 1, 2, '', '', 1, '2019-09-30 23:26:52', 0, NULL),
(87, 1, 1, 2, '', '', 1, '2019-09-30 23:26:52', 0, NULL),
(88, 1, 1, 2, '', '', 1, '2019-09-30 23:26:52', 0, NULL),
(89, 1, 1, 2, '', '', 1, '2019-09-30 23:26:52', 0, NULL),
(90, 1, 1, 2, '', '', 1, '2019-09-30 23:26:52', 0, NULL),
(91, 1, 1, 2, '', '', 1, '2019-09-30 23:26:52', 0, NULL),
(92, 1, 1, 2, '', '', 1, '2019-09-30 23:26:52', 0, NULL),
(93, 1, 1, 2, '', '', 1, '2019-09-30 23:26:52', 0, NULL),
(94, 1, 1, 2, '', '', 1, '2019-09-30 23:26:52', 0, NULL),
(95, 1, 1, 2, '', '', 1, '2019-09-30 23:26:52', 0, NULL),
(96, 1, 1, 2, '', '', 1, '2019-09-30 23:26:52', 0, NULL),
(97, 1, 1, 2, '', '', 1, '2019-09-30 23:26:52', 0, NULL),
(98, 1, 1, 2, '', '', 1, '2019-09-30 23:26:52', 0, NULL),
(99, 1, 1, 2, '', '', 1, '2019-09-30 23:26:52', 0, NULL),
(100, 1, 1, 2, '', '', 1, '2019-09-30 23:26:52', 0, NULL),
(101, 1, 1, 2, '', '', 1, '2019-09-30 23:26:52', 0, NULL),
(102, 1, 1, 2, '', '', 1, '2019-09-30 23:26:52', 0, NULL),
(103, 1, 1, 2, '', '', 1, '2019-09-30 23:26:52', 0, NULL),
(104, 1, 1, 2, '', '', 1, '2019-09-30 23:26:52', 0, NULL),
(105, 1, 1, 2, '', '', 1, '2019-09-30 23:26:52', 0, NULL),
(106, 1, 1, 2, '', '', 1, '2019-09-30 23:26:52', 0, NULL),
(107, 1, 1, 2, '', '', 1, '2019-09-30 23:26:52', 0, NULL),
(108, 1, 1, 2, '', '', 1, '2019-09-30 23:26:52', 0, NULL),
(109, 1, 1, 2, '', '', 1, '2019-09-30 23:26:52', 0, NULL),
(110, 1, 1, 2, '', '', 1, '2019-09-30 23:26:52', 0, NULL),
(111, 1, 1, 2, '', '', 1, '2019-09-30 23:26:52', 0, NULL),
(112, 1, 1, 2, '', '', 1, '2019-09-30 23:26:52', 0, NULL),
(113, 1, 1, 2, '', '', 1, '2019-09-30 23:26:52', 0, NULL),
(114, 1, 1, 2, '', '', 1, '2019-09-30 23:26:52', 0, NULL),
(115, 1, 1, 2, '', '', 1, '2019-09-30 23:26:52', 0, NULL),
(116, 1, 1, 2, '', '', 1, '2019-09-30 23:26:52', 0, NULL),
(117, 1, 1, 2, '', '', 1, '2019-09-30 23:26:52', 0, NULL),
(118, 1, 1, 2, '', '', 1, '2019-09-30 23:26:52', 0, NULL),
(119, 1, 1, 2, '', '', 1, '2019-09-30 23:26:52', 0, NULL),
(120, 1, 1, 2, '', '', 1, '2019-09-30 23:26:52', 0, NULL),
(121, 1, 1, 2, '', '', 1, '2019-09-30 23:26:52', 0, NULL),
(122, 1, 1, 2, '', '', 1, '2019-09-30 23:26:52', 0, NULL),
(123, 1, 1, 2, '', '', 1, '2019-09-30 23:26:52', 0, NULL),
(124, 1, 1, 2, '', '', 1, '2019-09-30 23:26:52', 0, NULL),
(125, 1, 1, 2, '', '', 1, '2019-09-30 23:26:52', 0, NULL),
(126, 1, 1, 2, '', '', 1, '2019-09-30 23:26:52', 0, NULL),
(127, 1, 1, 2, '', '', 1, '2019-09-30 23:26:52', 0, NULL),
(128, 1, 1, 2, '', '', 1, '2019-09-30 23:26:52', 0, NULL),
(129, 1, 1, 2, '', '', 1, '2019-09-30 23:26:52', 0, NULL),
(130, 1, 1, 2, '', '', 1, '2019-09-30 23:26:52', 0, NULL),
(131, 1, 1, 2, '', '', 1, '2019-09-30 23:26:52', 0, NULL),
(132, 1, 1, 2, '', '', 1, '2019-09-30 23:26:52', 0, NULL),
(133, 1, 1, 2, '', '', 1, '2019-09-30 23:26:52', 0, NULL),
(134, 1, 1, 2, '', '', 1, '2019-09-30 23:26:52', 0, NULL),
(135, 1, 1, 2, '', '', 1, '2019-09-30 23:26:52', 0, NULL),
(136, 1, 1, 2, '', '', 1, '2019-09-30 23:26:52', 0, NULL),
(137, 1, 1, 2, '', '', 1, '2019-09-30 23:26:52', 0, NULL),
(138, 1, 1, 2, '', '', 1, '2019-09-30 23:26:52', 0, NULL),
(139, 1, 1, 2, '', '', 1, '2019-09-30 23:26:52', 0, NULL),
(140, 1, 1, 2, '', '', 1, '2019-09-30 23:26:52', 0, NULL),
(141, 1, 1, 2, '', '', 1, '2019-09-30 23:26:52', 0, NULL),
(142, 1, 1, 2, '', '', 1, '2019-09-30 23:26:52', 0, NULL),
(143, 1, 1, 2, '', '', 1, '2019-09-30 23:26:52', 0, NULL),
(144, 1, 1, 2, '', '', 1, '2019-09-30 23:26:52', 0, NULL),
(145, 1, 1, 2, '', '', 1, '2019-09-30 23:26:52', 0, NULL),
(146, 1, 1, 2, '', '', 1, '2019-09-30 23:26:52', 0, NULL),
(147, 1, 1, 2, '', '', 1, '2019-09-30 23:26:52', 0, NULL),
(148, 1, 1, 2, '', '', 1, '2019-09-30 23:26:52', 0, NULL),
(149, 1, 1, 2, '', '', 1, '2019-09-30 23:26:52', 0, NULL),
(150, 1, 1, 2, '', '', 1, '2019-09-30 23:26:52', 0, NULL),
(151, 1, 1, 2, '', '', 1, '2019-09-30 23:26:52', 0, NULL),
(152, 1, 1, 2, '', '', 1, '2019-09-30 23:26:52', 0, NULL),
(153, 1, 1, 2, '', '', 1, '2019-09-30 23:26:52', 0, NULL),
(154, 1, 1, 2, '', '', 1, '2019-09-30 23:26:52', 0, NULL),
(155, 1, 1, 2, '', '', 1, '2019-09-30 23:26:52', 0, NULL),
(156, 1, 1, 2, '', '', 1, '2019-09-30 23:26:52', 0, NULL),
(157, 1, 1, 2, '', '', 1, '2019-09-30 23:26:52', 0, NULL),
(158, 1, 1, 2, '', '', 1, '2019-09-30 23:26:52', 0, NULL),
(159, 1, 1, 2, '', '', 1, '2019-09-30 23:26:52', 0, NULL),
(160, 1, 1, 2, '', '', 1, '2019-09-30 23:26:52', 0, NULL),
(161, 1, 1, 2, '', '', 1, '2019-09-30 23:26:52', 0, NULL),
(162, 1, 1, 2, '', '', 1, '2019-09-30 23:26:52', 0, NULL),
(163, 1, 1, 2, '', '', 1, '2019-09-30 23:26:52', 0, NULL),
(164, 1, 1, 2, '', '', 1, '2019-09-30 23:26:52', 0, NULL),
(165, 1, 1, 2, '', '', 1, '2019-09-30 23:26:52', 0, NULL),
(166, 1, 1, 2, '', '', 1, '2019-09-30 23:26:52', 0, NULL),
(167, 1, 1, 2, '', '', 1, '2019-09-30 23:26:52', 0, NULL),
(168, 1, 1, 2, '', '', 1, '2019-09-30 23:26:52', 0, NULL),
(169, 1, 1, 2, '', '', 1, '2019-09-30 23:26:52', 0, NULL),
(170, 1, 1, 2, '', '', 1, '2019-09-30 23:26:52', 0, NULL),
(171, 1, 1, 2, '', '', 1, '2019-09-30 23:26:52', 0, NULL),
(172, 1, 1, 2, '', '', 1, '2019-09-30 23:26:52', 0, NULL),
(173, 1, 1, 2, '', '', 1, '2019-09-30 23:26:52', 0, NULL),
(174, 1, 1, 2, '', '', 1, '2019-09-30 23:26:52', 0, NULL),
(175, 1, 1, 2, '', '', 1, '2019-09-30 23:26:52', 0, NULL),
(176, 1, 1, 2, '', '', 1, '2019-09-30 23:26:52', 0, NULL),
(177, 1, 1, 2, '', '', 1, '2019-09-30 23:26:52', 0, NULL),
(178, 1, 1, 2, '', '', 1, '2019-09-30 23:26:52', 0, NULL),
(179, 1, 1, 2, '', '', 1, '2019-09-30 23:26:52', 0, NULL),
(180, 1, 1, 2, '', '', 1, '2019-09-30 23:26:52', 0, NULL),
(181, 1, 1, 2, '', '', 1, '2019-09-30 23:26:52', 0, NULL),
(182, 1, 1, 2, '', '', 1, '2019-09-30 23:26:52', 0, NULL),
(183, 1, 1, 2, '', '', 1, '2019-09-30 23:26:52', 0, NULL),
(184, 1, 1, 2, '', '', 1, '2019-09-30 23:26:52', 0, NULL),
(185, 1, 1, 2, '', '', 1, '2019-09-30 23:26:52', 0, NULL),
(186, 1, 1, 2, '', '', 1, '2019-09-30 23:26:52', 0, NULL),
(187, 1, 1, 2, '', '', 1, '2019-09-30 23:26:52', 0, NULL),
(188, 1, 1, 2, '', '', 1, '2019-09-30 23:26:52', 0, NULL),
(189, 1, 1, 2, '', '', 1, '2019-09-30 23:26:52', 0, NULL),
(190, 1, 1, 2, '', '', 1, '2019-09-30 23:26:52', 0, NULL),
(191, 1, 1, 2, '', '', 1, '2019-09-30 23:26:52', 0, NULL),
(192, 1, 1, 2, '', '', 1, '2019-09-30 23:26:52', 0, NULL),
(193, 1, 1, 2, '', '', 1, '2019-09-30 23:26:52', 0, NULL),
(194, 1, 1, 2, '', '', 1, '2019-09-30 23:26:52', 0, NULL),
(195, 1, 1, 2, '', '', 1, '2019-09-30 23:26:52', 0, NULL),
(196, 1, 1, 2, '', '', 1, '2019-09-30 23:26:52', 0, NULL),
(197, 1, 1, 2, '', '', 1, '2019-09-30 23:26:52', 0, NULL),
(198, 1, 1, 2, '', '', 1, '2019-09-30 23:26:52', 0, NULL),
(199, 1, 1, 2, '', '', 1, '2019-09-30 23:26:52', 0, NULL),
(200, 1, 1, 2, '', '', 1, '2019-09-30 23:26:52', 0, NULL),
(201, 1, 1, 2, '', '', 1, '2019-09-30 23:26:52', 0, NULL),
(202, 1, 1, 2, '', '', 1, '2019-09-30 23:26:52', 0, NULL),
(203, 1, 1, 2, '', '', 1, '2019-09-30 23:26:52', 0, NULL),
(204, 1, 1, 2, '', '', 1, '2019-09-30 23:26:52', 0, NULL),
(205, 1, 1, 2, '', '', 1, '2019-09-30 23:26:52', 0, NULL),
(206, 1, 1, 2, '', '', 1, '2019-09-30 23:26:52', 0, NULL),
(207, 1, 1, 2, '', '', 1, '2019-09-30 23:26:52', 0, NULL),
(208, 1, 1, 2, '', '', 1, '2019-09-30 23:26:52', 0, NULL),
(209, 1, 1, 2, '', '', 1, '2019-09-30 23:26:52', 0, NULL),
(210, 1, 1, 2, '', '', 1, '2019-09-30 23:26:52', 0, NULL),
(211, 1, 1, 2, '', '', 1, '2019-09-30 23:26:52', 0, NULL),
(212, 1, 1, 2, '', '', 1, '2019-09-30 23:26:52', 0, NULL),
(213, 1, 1, 2, '', '', 1, '2019-09-30 23:26:52', 0, NULL),
(214, 1, 1, 2, '', '', 1, '2019-09-30 23:26:52', 0, NULL),
(215, 1, 1, 2, '', '', 1, '2019-09-30 23:26:52', 0, NULL),
(216, 1, 1, 2, '', '', 1, '2019-09-30 23:26:52', 0, NULL),
(217, 1, 1, 2, '', '', 1, '2019-09-30 23:26:52', 0, NULL),
(218, 1, 1, 2, '', '', 1, '2019-09-30 23:26:52', 0, NULL),
(219, 1, 1, 2, '', '', 1, '2019-09-30 23:26:52', 0, NULL),
(220, 1, 1, 2, '', '', 1, '2019-09-30 23:26:52', 0, NULL),
(221, 1, 1, 2, '', '', 1, '2019-09-30 23:26:52', 0, NULL),
(222, 1, 1, 2, '', '', 1, '2019-09-30 23:26:52', 0, NULL),
(223, 1, 1, 2, '', '', 1, '2019-09-30 23:26:52', 0, NULL),
(224, 1, 1, 2, '', '', 1, '2019-09-30 23:26:52', 0, NULL),
(225, 1, 1, 2, '', '', 1, '2019-09-30 23:26:52', 0, NULL),
(226, 1, 1, 2, '', '', 1, '2019-09-30 23:26:52', 0, NULL),
(227, 1, 1, 2, '', '', 1, '2019-09-30 23:26:52', 0, NULL),
(228, 1, 1, 2, '', '', 1, '2019-09-30 23:26:52', 0, NULL),
(229, 1, 1, 2, '', '', 1, '2019-09-30 23:26:52', 0, NULL),
(230, 1, 1, 2, '', '', 1, '2019-09-30 23:26:52', 0, NULL),
(231, 1, 1, 2, '', '', 1, '2019-09-30 23:26:52', 0, NULL),
(232, 1, 1, 2, '', '', 1, '2019-09-30 23:26:52', 0, NULL),
(233, 1, 1, 2, '', '', 1, '2019-09-30 23:26:52', 0, NULL),
(234, 1, 1, 2, '', '', 1, '2019-09-30 23:26:52', 0, NULL),
(235, 1, 1, 2, '', '', 1, '2019-09-30 23:26:52', 0, NULL),
(236, 1, 1, 2, '', '', 1, '2019-09-30 23:26:52', 0, NULL),
(237, 1, 1, 2, '', '', 1, '2019-09-30 23:26:52', 0, NULL),
(238, 1, 1, 2, '', '', 1, '2019-09-30 23:26:52', 0, NULL),
(239, 1, 1, 2, '', '', 1, '2019-09-30 23:26:52', 0, NULL),
(240, 1, 1, 2, '', '', 1, '2019-09-30 23:26:52', 0, NULL),
(241, 1, 1, 2, '', '', 1, '2019-09-30 23:26:52', 0, NULL),
(242, 1, 1, 2, '', '', 1, '2019-09-30 23:26:52', 0, NULL),
(243, 1, 1, 2, '', '', 1, '2019-09-30 23:26:52', 0, NULL),
(244, 1, 1, 2, '', '', 1, '2019-09-30 23:26:52', 0, NULL),
(245, 1, 1, 2, '', '', 1, '2019-09-30 23:26:52', 0, NULL),
(246, 1, 1, 2, '', '', 1, '2019-09-30 23:26:52', 0, NULL),
(247, 1, 1, 2, '', '', 1, '2019-09-30 23:26:52', 0, NULL),
(248, 1, 1, 2, '', '', 1, '2019-09-30 23:26:52', 0, NULL),
(249, 1, 1, 2, '', '', 1, '2019-09-30 23:26:52', 0, NULL),
(250, 1, 1, 2, '', '', 1, '2019-09-30 23:26:52', 0, NULL),
(251, 1, 1, 2, '', '', 1, '2019-09-30 23:26:52', 0, NULL),
(252, 1, 1, 2, '', '', 1, '2019-09-30 23:26:52', 0, NULL),
(253, 1, 1, 2, '', '', 1, '2019-09-30 23:26:52', 0, NULL),
(254, 1, 1, 2, '', '', 1, '2019-09-30 23:26:52', 0, NULL),
(255, 1, 1, 2, '', '', 1, '2019-09-30 23:26:52', 0, NULL),
(256, 1, 1, 2, '', '', 1, '2019-09-30 23:26:52', 0, NULL),
(257, 1, 1, 2, '', '', 1, '2019-09-30 23:26:52', 0, NULL),
(258, 1, 1, 2, '', '', 1, '2019-09-30 23:26:52', 0, NULL),
(259, 1, 1, 2, '', '', 1, '2019-09-30 23:26:52', 0, NULL),
(260, 1, 1, 2, '', '', 1, '2019-09-30 23:26:52', 0, NULL),
(261, 1, 1, 2, '', '', 1, '2019-09-30 23:26:52', 0, NULL),
(262, 1, 1, 2, '', '', 1, '2019-09-30 23:26:52', 0, NULL),
(263, 1, 1, 2, '', '', 1, '2019-09-30 23:26:52', 0, NULL),
(264, 1, 1, 2, '', '', 1, '2019-09-30 23:26:52', 0, NULL),
(265, 1, 1, 2, '', '', 1, '2019-09-30 23:26:52', 0, NULL),
(266, 1, 1, 2, '', '', 1, '2019-09-30 23:26:52', 0, NULL),
(267, 1, 1, 2, '', '', 1, '2019-09-30 23:26:52', 0, NULL),
(268, 1, 1, 2, '', '', 1, '2019-09-30 23:26:52', 0, NULL),
(269, 1, 1, 2, '', '', 1, '2019-09-30 23:26:52', 0, NULL),
(270, 1, 1, 2, '', '', 1, '2019-09-30 23:26:52', 0, NULL),
(271, 1, 1, 2, '', '', 1, '2019-09-30 23:26:52', 0, NULL),
(272, 1, 1, 2, '', '', 1, '2019-09-30 23:26:52', 0, NULL),
(273, 1, 1, 2, '', '', 1, '2019-09-30 23:26:52', 0, NULL),
(274, 1, 1, 2, '', '', 1, '2019-09-30 23:26:52', 0, NULL),
(275, 1, 1, 2, '', '', 1, '2019-09-30 23:26:52', 0, NULL),
(276, 1, 1, 2, '', '', 1, '2019-09-30 23:26:52', 0, NULL),
(277, 1, 1, 2, '', '', 1, '2019-09-30 23:26:52', 0, NULL),
(278, 1, 1, 2, '', '', 1, '2019-09-30 23:26:52', 0, NULL),
(279, 1, 1, 2, '', '', 1, '2019-09-30 23:26:52', 0, NULL),
(280, 1, 1, 2, '', '', 1, '2019-09-30 23:26:52', 0, NULL),
(281, 1, 1, 2, '', '', 1, '2019-09-30 23:26:52', 0, NULL),
(282, 1, 1, 2, '', '', 1, '2019-09-30 23:26:52', 0, NULL),
(283, 1, 1, 2, '', '', 1, '2019-09-30 23:26:52', 0, NULL),
(284, 1, 1, 2, '', '', 1, '2019-09-30 23:26:52', 0, NULL),
(285, 1, 1, 2, '', '', 1, '2019-09-30 23:26:52', 0, NULL),
(286, 1, 1, 2, '', '', 1, '2019-09-30 23:26:52', 0, NULL),
(287, 1, 1, 2, '', '', 1, '2019-09-30 23:26:52', 0, NULL),
(288, 1, 1, 2, '', '', 1, '2019-09-30 23:26:52', 0, NULL),
(289, 1, 1, 2, '', '', 1, '2019-09-30 23:26:52', 0, NULL),
(290, 1, 1, 2, '', '', 1, '2019-09-30 23:26:52', 0, NULL),
(291, 1, 1, 2, '', '', 1, '2019-09-30 23:26:52', 0, NULL),
(292, 1, 1, 2, '', '', 1, '2019-09-30 23:26:52', 0, NULL),
(293, 1, 1, 2, '', '', 1, '2019-09-30 23:26:52', 0, NULL),
(294, 1, 1, 2, '', '', 1, '2019-09-30 23:26:52', 0, NULL),
(295, 1, 1, 2, '', '', 1, '2019-09-30 23:26:52', 0, NULL),
(296, 1, 1, 2, '', '', 1, '2019-09-30 23:26:52', 0, NULL),
(297, 1, 1, 2, '', '', 1, '2019-09-30 23:26:52', 0, NULL),
(298, 1, 1, 2, '', '', 1, '2019-09-30 23:26:52', 0, NULL),
(299, 1, 1, 2, '', '', 1, '2019-09-30 23:26:52', 0, NULL),
(300, 1, 1, 2, '', '', 1, '2019-09-30 23:26:52', 0, NULL),
(301, 1, 1, 2, '', '', 1, '2019-09-30 23:26:52', 0, NULL),
(302, 1, 1, 2, '', '', 1, '2019-09-30 23:26:52', 0, NULL),
(303, 1, 1, 2, '', '', 1, '2019-09-30 23:26:52', 0, NULL),
(304, 1, 1, 2, '', '', 1, '2019-09-30 23:26:52', 0, NULL),
(305, 1, 1, 2, '', '', 1, '2019-09-30 23:26:52', 0, NULL),
(306, 1, 1, 2, '', '', 1, '2019-09-30 23:26:52', 0, NULL),
(307, 1, 1, 2, '', '', 1, '2019-09-30 23:26:52', 0, NULL),
(308, 1, 1, 2, '', '', 1, '2019-09-30 23:26:52', 0, NULL),
(309, 1, 1, 2, '', '', 1, '2019-09-30 23:26:52', 0, NULL),
(310, 1, 1, 2, '', '', 1, '2019-09-30 23:26:52', 0, NULL),
(311, 1, 1, 2, '', '', 1, '2019-09-30 23:26:52', 0, NULL),
(312, 1, 1, 2, '', '', 1, '2019-09-30 23:26:52', 0, NULL),
(313, 1, 1, 2, '', '', 1, '2019-09-30 23:26:52', 0, NULL),
(314, 1, 1, 2, '', '', 1, '2019-09-30 23:26:52', 0, NULL),
(315, 1, 1, 2, '', '', 1, '2019-09-30 23:26:52', 0, NULL),
(316, 1, 1, 2, '', '', 1, '2019-09-30 23:26:52', 0, NULL),
(317, 1, 1, 2, '', '', 1, '2019-09-30 23:26:52', 0, NULL),
(318, 1, 1, 2, '', '', 1, '2019-09-30 23:26:52', 0, NULL),
(319, 1, 1, 2, '', '', 1, '2019-09-30 23:26:52', 0, NULL),
(320, 1, 1, 2, '', '', 1, '2019-09-30 23:26:52', 0, NULL),
(321, 1, 1, 2, '', '', 1, '2019-09-30 23:26:52', 0, NULL),
(322, 1, 1, 2, '', '', 1, '2019-09-30 23:26:52', 0, NULL),
(323, 1, 1, 2, '', '', 1, '2019-09-30 23:26:52', 0, NULL),
(324, 1, 1, 2, '', '', 1, '2019-09-30 23:26:52', 0, NULL),
(325, 1, 1, 2, '', '', 1, '2019-09-30 23:26:52', 0, NULL),
(326, 1, 1, 2, '', '', 1, '2019-09-30 23:26:52', 0, NULL),
(327, 1, 1, 2, '', '', 1, '2019-09-30 23:26:52', 0, NULL),
(328, 1, 1, 2, '', '', 1, '2019-09-30 23:26:52', 0, NULL),
(329, 1, 1, 2, '', '', 1, '2019-09-30 23:26:52', 0, NULL),
(330, 1, 1, 2, '', '', 1, '2019-09-30 23:26:52', 0, NULL),
(331, 1, 1, 2, '', '', 1, '2019-09-30 23:26:52', 0, NULL),
(332, 1, 1, 2, '', '', 1, '2019-09-30 23:26:52', 0, NULL),
(333, 1, 1, 2, '', '', 1, '2019-09-30 23:26:52', 0, NULL),
(334, 1, 1, 2, '', '', 1, '2019-09-30 23:26:52', 0, NULL),
(335, 1, 1, 2, '', '', 1, '2019-09-30 23:26:52', 0, NULL),
(336, 1, 1, 2, '', '', 1, '2019-09-30 23:26:52', 0, NULL),
(337, 1, 1, 2, '', '', 1, '2019-09-30 23:26:52', 0, NULL),
(338, 1, 1, 2, '', '', 1, '2019-09-30 23:26:52', 0, NULL),
(339, 1, 1, 2, '', '', 1, '2019-09-30 23:26:52', 0, NULL),
(340, 1, 1, 2, '', '', 1, '2019-09-30 23:26:52', 0, NULL),
(341, 1, 1, 2, '', '', 1, '2019-09-30 23:26:52', 0, NULL),
(342, 1, 1, 2, '', '', 1, '2019-09-30 23:26:52', 0, NULL),
(343, 1, 1, 2, '', '', 1, '2019-09-30 23:26:52', 0, NULL),
(344, 1, 1, 2, '', '', 1, '2019-09-30 23:26:52', 0, NULL),
(345, 1, 1, 2, '', '', 1, '2019-09-30 23:26:52', 0, NULL),
(346, 1, 1, 2, '', '', 1, '2019-09-30 23:26:52', 0, NULL),
(347, 1, 1, 2, '', '', 1, '2019-09-30 23:26:52', 0, NULL),
(348, 1, 1, 2, '', '', 1, '2019-09-30 23:26:52', 0, NULL),
(349, 1, 1, 2, '', '', 1, '2019-09-30 23:26:52', 0, NULL),
(350, 1, 1, 2, '', '', 1, '2019-09-30 23:26:52', 0, NULL),
(351, 1, 1, 2, '', '', 1, '2019-09-30 23:26:52', 0, NULL),
(352, 1, 1, 2, '', '', 1, '2019-09-30 23:26:52', 0, NULL),
(353, 1, 1, 2, '', '', 1, '2019-09-30 23:26:52', 0, NULL),
(354, 1, 1, 2, '', '', 1, '2019-09-30 23:26:52', 0, NULL),
(355, 1, 1, 2, '', '', 1, '2019-09-30 23:26:52', 0, NULL),
(356, 1, 1, 2, '', '', 1, '2019-09-30 23:26:52', 0, NULL),
(357, 1, 1, 2, '', '', 1, '2019-09-30 23:26:52', 0, NULL),
(358, 1, 1, 2, '', '', 1, '2019-09-30 23:26:52', 0, NULL),
(359, 1, 1, 2, '', '', 1, '2019-09-30 23:26:52', 0, NULL),
(360, 1, 1, 2, '', '', 1, '2019-09-30 23:26:52', 0, NULL),
(361, 1, 1, 2, '', '', 1, '2019-09-30 23:26:52', 0, NULL),
(362, 1, 1, 2, '', '', 1, '2019-09-30 23:26:52', 0, NULL),
(363, 1, 1, 2, '', '', 1, '2019-09-30 23:26:52', 0, NULL),
(364, 1, 1, 2, '', '', 1, '2019-09-30 23:26:52', 0, NULL),
(365, 1, 1, 2, '', '', 1, '2019-09-30 23:26:52', 0, NULL),
(366, 1, 1, 2, '', '', 1, '2019-09-30 23:26:52', 0, NULL),
(367, 1, 1, 2, '', '', 1, '2019-09-30 23:26:52', 0, NULL),
(368, 1, 1, 2, '', '', 1, '2019-09-30 23:26:52', 0, NULL),
(369, 1, 1, 2, '', '', 1, '2019-09-30 23:26:52', 0, NULL),
(370, 1, 1, 2, '', '', 1, '2019-09-30 23:26:52', 0, NULL),
(371, 1, 1, 2, '', '', 1, '2019-09-30 23:26:52', 0, NULL),
(372, 1, 1, 2, '', '', 1, '2019-09-30 23:26:52', 0, NULL),
(373, 1, 1, 2, '', '', 1, '2019-09-30 23:26:52', 0, NULL),
(374, 1, 1, 2, '', '', 1, '2019-09-30 23:26:52', 0, NULL),
(375, 1, 1, 2, '', '', 1, '2019-09-30 23:26:52', 0, NULL),
(376, 1, 1, 2, '', '', 1, '2019-09-30 23:26:52', 0, NULL),
(377, 1, 1, 2, '', '', 1, '2019-09-30 23:26:52', 0, NULL),
(378, 1, 1, 2, '', '', 1, '2019-09-30 23:26:52', 0, NULL),
(379, 1, 1, 2, '', '', 1, '2019-09-30 23:26:52', 0, NULL),
(380, 1, 1, 2, '', '', 1, '2019-09-30 23:26:52', 0, NULL),
(381, 1, 1, 2, '', '', 1, '2019-09-30 23:26:52', 0, NULL),
(382, 1, 1, 2, '', '', 1, '2019-09-30 23:26:52', 0, NULL),
(383, 1, 1, 2, '', '', 1, '2019-09-30 23:26:52', 0, NULL),
(384, 1, 1, 2, '', '', 1, '2019-09-30 23:26:52', 0, NULL),
(385, 1, 1, 2, '', '', 1, '2019-09-30 23:26:52', 0, NULL),
(386, 1, 1, 2, '', '', 1, '2019-09-30 23:26:52', 0, NULL),
(387, 1, 1, 2, '', '', 1, '2019-09-30 23:26:52', 0, NULL),
(388, 1, 1, 2, '', '', 1, '2019-09-30 23:26:52', 0, NULL),
(389, 1, 1, 2, '', '', 1, '2019-09-30 23:26:52', 0, NULL),
(390, 1, 1, 2, '', '', 1, '2019-09-30 23:26:52', 0, NULL),
(391, 1, 1, 2, '', '', 1, '2019-09-30 23:26:52', 0, NULL),
(392, 1, 1, 2, '', '', 1, '2019-09-30 23:26:52', 0, NULL),
(393, 1, 1, 2, '', '', 1, '2019-09-30 23:26:52', 0, NULL),
(394, 1, 1, 2, '', '', 1, '2019-09-30 23:26:52', 0, NULL),
(395, 1, 1, 2, '', '', 1, '2019-09-30 23:26:52', 0, NULL),
(396, 1, 1, 2, '', '', 1, '2019-09-30 23:26:52', 0, NULL),
(397, 1, 1, 2, '', '', 1, '2019-09-30 23:26:52', 0, NULL),
(398, 1, 1, 2, '', '', 1, '2019-09-30 23:26:52', 0, NULL),
(399, 1, 1, 2, '', '', 1, '2019-09-30 23:26:52', 0, NULL),
(400, 1, 1, 2, '', '', 1, '2019-09-30 23:26:52', 0, NULL),
(401, 1, 1, 2, '', '', 1, '2019-09-30 23:26:52', 0, NULL),
(402, 1, 1, 2, '', '', 1, '2019-09-30 23:26:52', 0, NULL),
(403, 1, 1, 2, '', '', 1, '2019-09-30 23:26:52', 0, NULL),
(404, 1, 1, 2, '', '', 1, '2019-09-30 23:26:52', 0, NULL),
(405, 1, 1, 2, '', '', 1, '2019-09-30 23:26:52', 0, NULL),
(406, 1, 1, 2, '', '', 1, '2019-09-30 23:26:52', 0, NULL),
(407, 1, 1, 2, '', '', 1, '2019-09-30 23:26:52', 0, NULL),
(408, 1, 1, 2, '', '', 1, '2019-09-30 23:26:52', 0, NULL),
(409, 1, 1, 2, '', '', 1, '2019-09-30 23:26:52', 0, NULL),
(410, 1, 1, 2, '', '', 1, '2019-09-30 23:26:52', 0, NULL),
(411, 1, 1, 2, '', '', 1, '2019-09-30 23:26:52', 0, NULL),
(412, 1, 1, 2, '', '', 1, '2019-09-30 23:26:52', 0, NULL),
(413, 1, 1, 2, '', '', 1, '2019-09-30 23:26:52', 0, NULL),
(414, 1, 1, 2, '', '', 1, '2019-09-30 23:26:52', 0, NULL),
(415, 1, 1, 2, '', '', 1, '2019-09-30 23:26:52', 0, NULL),
(416, 1, 1, 2, '', '', 1, '2019-09-30 23:26:52', 0, NULL),
(417, 1, 1, 2, '', '', 1, '2019-09-30 23:26:52', 0, NULL),
(418, 1, 1, 2, '', '', 1, '2019-09-30 23:26:52', 0, NULL),
(419, 1, 1, 2, '', '', 1, '2019-09-30 23:26:52', 0, NULL),
(420, 1, 1, 2, '', '', 1, '2019-09-30 23:26:52', 0, NULL),
(421, 1, 1, 2, '', '', 1, '2019-09-30 23:26:52', 0, NULL),
(422, 1, 1, 2, '', '', 1, '2019-09-30 23:26:52', 0, NULL),
(423, 1, 1, 2, '', '', 1, '2019-09-30 23:26:52', 0, NULL),
(424, 1, 1, 2, '', '', 1, '2019-09-30 23:26:52', 0, NULL),
(425, 1, 1, 2, '', '', 1, '2019-09-30 23:26:52', 0, NULL),
(426, 1, 1, 2, '', '', 1, '2019-09-30 23:26:52', 0, NULL),
(427, 1, 1, 2, '', '', 1, '2019-09-30 23:26:52', 0, NULL),
(428, 1, 1, 2, '', '', 1, '2019-09-30 23:26:52', 0, NULL),
(429, 1, 1, 2, '', '', 1, '2019-09-30 23:26:52', 0, NULL),
(430, 1, 1, 2, '', '', 1, '2019-09-30 23:26:52', 0, NULL),
(431, 1, 1, 2, '', '', 1, '2019-09-30 23:26:52', 0, NULL),
(432, 1, 1, 2, '', '', 1, '2019-09-30 23:26:52', 0, NULL),
(433, 1, 1, 2, '', '', 1, '2019-09-30 23:26:52', 0, NULL),
(434, 1, 1, 2, '', '', 1, '2019-09-30 23:26:52', 0, NULL),
(435, 1, 1, 2, '', '', 1, '2019-09-30 23:26:52', 0, NULL),
(436, 1, 1, 2, '', '', 1, '2019-09-30 23:26:52', 0, NULL),
(437, 1, 1, 2, '', '', 1, '2019-09-30 23:26:52', 0, NULL),
(438, 1, 1, 2, '', '', 1, '2019-09-30 23:26:52', 0, NULL),
(439, 1, 1, 2, '', '', 1, '2019-09-30 23:26:52', 0, NULL),
(440, 1, 1, 2, '', '', 1, '2019-09-30 23:26:52', 0, NULL),
(441, 1, 1, 2, '', '', 1, '2019-09-30 23:26:52', 0, NULL),
(442, 1, 1, 2, '', '', 1, '2019-09-30 23:26:52', 0, NULL),
(443, 1, 1, 2, '', '', 1, '2019-09-30 23:26:52', 0, NULL),
(444, 1, 1, 2, '', '', 1, '2019-09-30 23:26:52', 0, NULL),
(445, 1, 1, 2, '', '', 1, '2019-09-30 23:26:52', 0, NULL),
(446, 1, 1, 2, '', '', 1, '2019-09-30 23:26:52', 0, NULL),
(447, 1, 1, 2, '', '', 1, '2019-09-30 23:26:52', 0, NULL),
(448, 1, 1, 2, '', '', 1, '2019-09-30 23:26:52', 0, NULL),
(449, 1, 1, 2, '', '', 1, '2019-09-30 23:26:52', 0, NULL),
(450, 1, 1, 2, '', '', 1, '2019-09-30 23:26:52', 0, NULL),
(451, 1, 1, 2, '', '', 1, '2019-09-30 23:26:52', 0, NULL),
(452, 1, 1, 2, '', '', 1, '2019-09-30 23:26:52', 0, NULL),
(453, 1, 1, 2, '', '', 1, '2019-09-30 23:26:52', 0, NULL),
(454, 1, 1, 2, '', '', 1, '2019-09-30 23:26:52', 0, NULL),
(455, 1, 1, 2, '', '', 1, '2019-09-30 23:26:52', 0, NULL),
(456, 1, 1, 2, '', '', 1, '2019-09-30 23:26:52', 0, NULL),
(457, 1, 1, 2, '', '', 1, '2019-09-30 23:26:52', 0, NULL),
(458, 1, 1, 2, '', '', 1, '2019-09-30 23:26:52', 0, NULL),
(459, 1, 1, 2, '', '', 1, '2019-09-30 23:26:52', 0, NULL),
(460, 1, 1, 2, '', '', 1, '2019-09-30 23:26:52', 0, NULL),
(461, 1, 1, 2, '', '', 1, '2019-09-30 23:26:52', 0, NULL),
(462, 1, 1, 2, '', '', 1, '2019-09-30 23:26:52', 0, NULL),
(463, 1, 1, 2, '', '', 1, '2019-09-30 23:26:52', 0, NULL),
(464, 1, 1, 2, '', '', 1, '2019-09-30 23:26:52', 0, NULL),
(465, 1, 1, 2, '', '', 1, '2019-09-30 23:26:52', 0, NULL),
(466, 1, 1, 2, '', '', 1, '2019-09-30 23:26:52', 0, NULL),
(467, 1, 1, 2, '', '', 1, '2019-09-30 23:26:52', 0, NULL),
(468, 1, 1, 2, '', '', 1, '2019-09-30 23:26:52', 0, NULL),
(469, 1, 1, 2, '', '', 1, '2019-09-30 23:26:52', 0, NULL),
(470, 1, 1, 2, '', '', 1, '2019-09-30 23:26:52', 0, NULL),
(471, 1, 1, 2, '', '', 1, '2019-09-30 23:26:52', 0, NULL),
(472, 1, 1, 2, '', '', 1, '2019-09-30 23:26:52', 0, NULL),
(473, 1, 1, 2, '', '', 1, '2019-09-30 23:26:52', 0, NULL),
(474, 1, 1, 2, '', '', 1, '2019-09-30 23:26:52', 0, NULL),
(475, 1, 1, 2, '', '', 1, '2019-09-30 23:26:52', 0, NULL),
(476, 1, 1, 2, '', '', 1, '2019-09-30 23:26:52', 0, NULL),
(477, 1, 1, 2, '', '', 1, '2019-09-30 23:26:52', 0, NULL),
(478, 1, 1, 2, '', '', 1, '2019-09-30 23:26:52', 0, NULL),
(479, 1, 1, 2, '', '', 1, '2019-09-30 23:26:52', 0, NULL),
(480, 1, 1, 2, '', '', 1, '2019-09-30 23:26:52', 0, NULL),
(481, 1, 1, 2, '', '', 1, '2019-09-30 23:26:52', 0, NULL),
(482, 1, 1, 2, '', '', 1, '2019-09-30 23:26:52', 0, NULL),
(483, 1, 1, 2, '', '', 1, '2019-09-30 23:26:52', 0, NULL),
(484, 1, 1, 2, '', '', 1, '2019-09-30 23:26:52', 0, NULL),
(485, 1, 1, 2, '', '', 1, '2019-09-30 23:26:52', 0, NULL),
(486, 1, 1, 2, '', '', 1, '2019-09-30 23:26:52', 0, NULL),
(487, 1, 1, 2, '', '', 1, '2019-09-30 23:26:52', 0, NULL),
(488, 1, 1, 2, '', '', 1, '2019-09-30 23:26:52', 0, NULL),
(489, 1, 1, 2, '', '', 1, '2019-09-30 23:26:52', 0, NULL),
(490, 1, 1, 2, '', '', 1, '2019-09-30 23:26:52', 0, NULL),
(491, 1, 1, 2, '', '', 1, '2019-09-30 23:26:52', 0, NULL),
(492, 1, 1, 2, '', '', 1, '2019-09-30 23:26:52', 0, NULL),
(493, 1, 1, 2, '', '', 1, '2019-09-30 23:26:52', 0, NULL),
(494, 1, 1, 2, '', '', 1, '2019-09-30 23:26:52', 0, NULL),
(495, 1, 1, 2, '', '', 1, '2019-09-30 23:26:52', 0, NULL),
(496, 1, 1, 2, '', '', 1, '2019-09-30 23:26:52', 0, NULL),
(497, 1, 1, 2, '', '', 1, '2019-09-30 23:26:52', 0, NULL),
(498, 1, 1, 2, '', '', 1, '2019-09-30 23:26:52', 0, NULL),
(499, 1, 1, 2, '', '', 1, '2019-09-30 23:26:52', 0, NULL),
(500, 1, 1, 2, '', '', 1, '2019-09-30 23:26:52', 0, NULL),
(501, 1, 1, 2, '', '', 1, '2019-09-30 23:26:52', 0, NULL),
(502, 1, 1, 2, '', '', 1, '2019-09-30 23:26:52', 0, NULL),
(503, 1, 1, 2, '', '', 1, '2019-09-30 23:26:52', 0, NULL),
(504, 1, 1, 2, '', '', 1, '2019-09-30 23:26:52', 0, NULL),
(505, 1, 1, 2, '', '', 1, '2019-09-30 23:26:52', 0, NULL),
(506, 1, 1, 2, '', '', 1, '2019-09-30 23:26:52', 0, NULL),
(507, 1, 1, 2, '', '', 1, '2019-09-30 23:26:52', 0, NULL),
(508, 1, 1, 2, '', '', 1, '2019-09-30 23:26:52', 0, NULL),
(509, 1, 1, 2, '', '', 1, '2019-09-30 23:26:52', 0, NULL),
(510, 1, 1, 2, '', '', 1, '2019-09-30 23:26:52', 0, NULL),
(511, 1, 1, 2, '', '', 1, '2019-09-30 23:26:52', 0, NULL),
(512, 1, 1, 2, '', '', 1, '2019-09-30 23:26:52', 0, NULL),
(513, 1, 1, 2, '', '', 1, '2019-09-30 23:26:52', 0, NULL),
(514, 1, 1, 2, '', '', 1, '2019-09-30 23:26:52', 0, NULL),
(515, 1, 1, 2, '', '', 1, '2019-09-30 23:26:52', 0, NULL),
(516, 1, 1, 2, '', '', 1, '2019-09-30 23:26:52', 0, NULL),
(517, 1, 1, 2, '', '', 1, '2019-09-30 23:26:52', 0, NULL),
(518, 1, 1, 2, '', '', 1, '2019-09-30 23:26:52', 0, NULL),
(519, 1, 1, 2, '', '', 1, '2019-09-30 23:26:52', 0, NULL),
(520, 1, 1, 2, '', '', 1, '2019-09-30 23:26:52', 0, NULL),
(521, 1, 1, 2, '', '', 1, '2019-09-30 23:26:52', 0, NULL),
(522, 1, 1, 2, '', '', 1, '2019-09-30 23:26:52', 0, NULL),
(523, 1, 1, 2, '', '', 1, '2019-09-30 23:26:52', 0, NULL),
(524, 1, 1, 2, '', '', 1, '2019-09-30 23:26:52', 0, NULL),
(525, 1, 1, 2, '', '', 1, '2019-09-30 23:26:52', 0, NULL),
(526, 1, 1, 2, '', '', 1, '2019-09-30 23:26:52', 0, NULL),
(527, 1, 1, 2, '', '', 1, '2019-09-30 23:26:52', 0, NULL),
(528, 1, 1, 2, '', '', 1, '2019-09-30 23:26:52', 0, NULL),
(529, 1, 1, 2, '', '', 1, '2019-09-30 23:26:52', 0, NULL),
(530, 1, 1, 2, '', '', 1, '2019-09-30 23:26:52', 0, NULL),
(531, 1, 1, 2, '', '', 1, '2019-09-30 23:26:52', 0, NULL),
(532, 1, 1, 2, '', '', 1, '2019-09-30 23:26:52', 0, NULL),
(533, 1, 1, 2, '', '', 1, '2019-09-30 23:26:52', 0, NULL),
(534, 1, 1, 2, '', '', 1, '2019-09-30 23:26:52', 0, NULL),
(535, 1, 1, 2, '', '', 1, '2019-09-30 23:26:52', 0, NULL),
(536, 1, 1, 2, '', '', 1, '2019-09-30 23:26:52', 0, NULL),
(537, 1, 1, 2, '', '', 1, '2019-09-30 23:26:52', 0, NULL),
(538, 1, 1, 2, '', '', 1, '2019-09-30 23:26:52', 0, NULL),
(539, 1, 1, 2, '', '', 1, '2019-09-30 23:26:52', 0, NULL),
(540, 1, 1, 2, '', '', 1, '2019-09-30 23:26:52', 0, NULL),
(541, 1, 1, 2, '', '', 1, '2019-09-30 23:26:52', 0, NULL),
(542, 1, 1, 2, '', '', 1, '2019-09-30 23:26:52', 0, NULL),
(543, 1, 1, 2, '', '', 1, '2019-09-30 23:26:52', 0, NULL),
(544, 1, 1, 2, '', '', 1, '2019-09-30 23:26:52', 0, NULL),
(545, 1, 1, 2, '', '', 1, '2019-09-30 23:26:52', 0, NULL),
(546, 1, 1, 2, '', '', 1, '2019-09-30 23:26:52', 0, NULL),
(547, 1, 1, 2, '', '', 1, '2019-09-30 23:26:52', 0, NULL),
(548, 1, 1, 2, '', '', 1, '2019-09-30 23:26:52', 0, NULL),
(549, 1, 1, 2, '', '', 1, '2019-09-30 23:26:52', 0, NULL),
(550, 1, 1, 2, '', '', 1, '2019-09-30 23:26:52', 0, NULL),
(551, 1, 1, 2, '', '', 1, '2019-09-30 23:26:52', 0, NULL),
(552, 1, 1, 2, '', '', 1, '2019-09-30 23:26:52', 0, NULL),
(553, 1, 1, 2, '', '', 1, '2019-09-30 23:26:52', 0, NULL),
(554, 1, 1, 2, '', '', 1, '2019-09-30 23:26:52', 0, NULL),
(555, 1, 1, 2, '', '', 1, '2019-09-30 23:26:52', 0, NULL),
(556, 1, 1, 2, '', '', 1, '2019-09-30 23:26:52', 0, NULL),
(557, 1, 1, 2, '', '', 1, '2019-09-30 23:26:52', 0, NULL),
(558, 1, 1, 2, '', '', 1, '2019-09-30 23:26:52', 0, NULL),
(559, 1, 1, 2, '', '', 1, '2019-09-30 23:26:52', 0, NULL),
(560, 1, 1, 2, '', '', 1, '2019-09-30 23:26:52', 0, NULL),
(561, 1, 1, 2, '', '', 1, '2019-09-30 23:26:52', 0, NULL),
(562, 1, 1, 2, '', '', 1, '2019-09-30 23:26:52', 0, NULL),
(563, 1, 1, 2, '', '', 1, '2019-09-30 23:26:52', 0, NULL),
(564, 1, 1, 2, '', '', 1, '2019-09-30 23:26:52', 0, NULL),
(565, 1, 1, 2, '', '', 1, '2019-09-30 23:26:52', 0, NULL),
(566, 1, 1, 2, '', '', 1, '2019-09-30 23:26:52', 0, NULL),
(567, 1, 1, 2, '', '', 1, '2019-09-30 23:26:52', 0, NULL),
(568, 1, 1, 2, '', '', 1, '2019-09-30 23:26:52', 0, NULL),
(569, 1, 1, 2, '', '', 1, '2019-09-30 23:26:52', 0, NULL),
(570, 1, 1, 2, '', '', 1, '2019-09-30 23:26:52', 0, NULL),
(571, 1, 1, 2, '', '', 1, '2019-09-30 23:26:52', 0, NULL),
(572, 1, 1, 2, '', '', 1, '2019-09-30 23:26:52', 0, NULL),
(573, 1, 1, 2, '', '', 1, '2019-09-30 23:26:52', 0, NULL),
(574, 1, 1, 2, '', '', 1, '2019-09-30 23:26:52', 0, NULL),
(575, 1, 1, 2, '', '', 1, '2019-09-30 23:26:52', 0, NULL),
(576, 1, 1, 2, '', '', 1, '2019-09-30 23:26:52', 0, NULL),
(577, 1, 1, 2, '', '', 1, '2019-09-30 23:26:52', 0, NULL),
(578, 1, 1, 2, '', '', 1, '2019-09-30 23:26:52', 0, NULL),
(579, 1, 1, 2, '', '', 1, '2019-09-30 23:26:52', 0, NULL),
(580, 1, 1, 2, '', '', 1, '2019-09-30 23:26:52', 0, NULL),
(581, 1, 1, 2, '', '', 1, '2019-09-30 23:26:52', 0, NULL),
(582, 1, 1, 2, '', '', 1, '2019-09-30 23:26:52', 0, NULL),
(583, 1, 1, 2, '', '', 1, '2019-09-30 23:26:52', 0, NULL),
(584, 1, 1, 2, '', '', 1, '2019-09-30 23:26:52', 0, NULL),
(585, 1, 1, 2, '', '', 1, '2019-09-30 23:26:52', 0, NULL),
(586, 1, 1, 2, '', '', 1, '2019-09-30 23:26:52', 0, NULL),
(587, 1, 1, 2, '', '', 1, '2019-09-30 23:26:52', 0, NULL),
(588, 1, 1, 2, '', '', 1, '2019-09-30 23:26:52', 0, NULL),
(589, 1, 1, 2, '', '', 1, '2019-09-30 23:26:52', 0, NULL),
(590, 1, 1, 2, '', '', 1, '2019-09-30 23:26:52', 0, NULL),
(591, 1, 1, 2, '', '', 1, '2019-09-30 23:26:52', 0, NULL),
(592, 1, 1, 2, '', '', 1, '2019-09-30 23:26:52', 0, NULL),
(593, 1, 1, 2, '', '', 1, '2019-09-30 23:26:52', 0, NULL),
(594, 1, 1, 2, '', '', 1, '2019-09-30 23:26:52', 0, NULL),
(595, 1, 1, 2, '', '', 1, '2019-09-30 23:26:52', 0, NULL),
(596, 1, 1, 2, '', '', 1, '2019-09-30 23:26:52', 0, NULL),
(597, 1, 1, 2, '', '', 1, '2019-09-30 23:26:52', 0, NULL),
(598, 1, 1, 2, '', '', 1, '2019-09-30 23:26:52', 0, NULL),
(599, 1, 1, 2, '', '', 1, '2019-09-30 23:26:52', 0, NULL),
(600, 1, 1, 2, '', '', 1, '2019-09-30 23:26:52', 0, NULL),
(601, 1, 1, 2, '', '', 1, '2019-09-30 23:26:52', 0, NULL),
(602, 1, 1, 2, '', '', 1, '2019-09-30 23:26:52', 0, NULL),
(603, 1, 1, 2, '', '', 1, '2019-09-30 23:26:52', 0, NULL),
(604, 1, 1, 2, '', '', 1, '2019-09-30 23:26:52', 0, NULL),
(605, 1, 1, 2, '', '', 1, '2019-09-30 23:26:52', 0, NULL),
(606, 1, 1, 2, '', '', 1, '2019-09-30 23:26:52', 0, NULL),
(607, 1, 1, 2, '', '', 1, '2019-09-30 23:26:52', 0, NULL),
(608, 1, 1, 2, '', '', 1, '2019-09-30 23:26:52', 0, NULL),
(609, 1, 1, 2, '', '', 1, '2019-09-30 23:26:52', 0, NULL),
(610, 1, 1, 2, '', '', 1, '2019-09-30 23:26:52', 0, NULL),
(611, 1, 1, 2, '', '', 1, '2019-09-30 23:26:52', 0, NULL),
(612, 1, 1, 2, '', '', 1, '2019-09-30 23:26:52', 0, NULL),
(613, 1, 1, 2, '', '', 1, '2019-09-30 23:26:52', 0, NULL),
(614, 1, 1, 2, '', '', 1, '2019-09-30 23:26:52', 0, NULL),
(615, 1, 1, 2, '', '', 1, '2019-09-30 23:26:52', 0, NULL),
(616, 1, 1, 2, '', '', 1, '2019-09-30 23:26:52', 0, NULL),
(617, 1, 1, 2, '', '', 1, '2019-09-30 23:26:52', 0, NULL),
(618, 1, 1, 2, '', '', 1, '2019-09-30 23:26:52', 0, NULL),
(619, 1, 1, 2, '', '', 1, '2019-09-30 23:26:52', 0, NULL),
(620, 1, 1, 2, '', '', 1, '2019-09-30 23:26:52', 0, NULL),
(621, 1, 1, 2, '', '', 1, '2019-09-30 23:26:52', 0, NULL),
(622, 1, 1, 2, '', '', 1, '2019-09-30 23:26:52', 0, NULL),
(623, 1, 1, 2, '', '', 1, '2019-09-30 23:26:52', 0, NULL),
(624, 1, 1, 2, '', '', 1, '2019-09-30 23:26:52', 0, NULL),
(625, 1, 1, 2, '', '', 1, '2019-09-30 23:26:52', 0, NULL),
(626, 1, 1, 2, '', '', 1, '2019-09-30 23:26:52', 0, NULL),
(627, 1, 1, 2, '', '', 1, '2019-09-30 23:26:52', 0, NULL),
(628, 1, 1, 2, '', '', 1, '2019-09-30 23:26:52', 0, NULL),
(629, 1, 1, 2, '', '', 1, '2019-09-30 23:26:52', 0, NULL),
(630, 1, 1, 2, '', '', 1, '2019-09-30 23:26:52', 0, NULL),
(631, 1, 1, 2, '', '', 1, '2019-09-30 23:26:52', 0, NULL),
(632, 1, 1, 2, '', '', 1, '2019-09-30 23:26:52', 0, NULL),
(633, 1, 1, 2, '', '', 1, '2019-09-30 23:26:52', 0, NULL),
(634, 1, 1, 2, '', '', 1, '2019-09-30 23:26:52', 0, NULL),
(635, 1, 1, 2, '', '', 1, '2019-09-30 23:26:52', 0, NULL),
(636, 1, 1, 2, '', '', 1, '2019-09-30 23:26:52', 0, NULL),
(637, 1, 1, 2, '', '', 1, '2019-09-30 23:26:52', 0, NULL),
(638, 1, 1, 2, '', '', 1, '2019-09-30 23:26:52', 0, NULL),
(639, 1, 1, 2, '', '', 1, '2019-09-30 23:26:52', 0, NULL),
(640, 1, 1, 2, '', '', 1, '2019-09-30 23:26:52', 0, NULL),
(641, 1, 1, 2, '', '', 1, '2019-09-30 23:26:52', 0, NULL),
(642, 1, 1, 2, '', '', 1, '2019-09-30 23:26:52', 0, NULL),
(643, 1, 1, 2, '', '', 1, '2019-09-30 23:26:52', 0, NULL),
(644, 1, 1, 2, '', '', 1, '2019-09-30 23:26:52', 0, NULL),
(645, 1, 1, 2, '', '', 1, '2019-09-30 23:26:52', 0, NULL),
(646, 1, 1, 2, '', '', 1, '2019-09-30 23:26:52', 0, NULL),
(647, 1, 1, 2, '', '', 1, '2019-09-30 23:26:52', 0, NULL),
(648, 1, 1, 2, '', '', 1, '2019-09-30 23:26:52', 0, NULL),
(649, 1, 1, 2, '', '', 1, '2019-09-30 23:26:52', 0, NULL),
(650, 1, 1, 2, '', '', 1, '2019-09-30 23:26:52', 0, NULL),
(651, 1, 1, 2, '', '', 1, '2019-09-30 23:26:52', 0, NULL),
(652, 1, 1, 2, '', '', 1, '2019-09-30 23:26:52', 0, NULL),
(653, 1, 1, 2, '', '', 1, '2019-09-30 23:26:52', 0, NULL),
(654, 1, 1, 2, '', '', 1, '2019-09-30 23:26:52', 0, NULL),
(655, 1, 1, 2, '', '', 1, '2019-09-30 23:26:52', 0, NULL),
(656, 1, 1, 2, '', '', 1, '2019-09-30 23:26:52', 0, NULL),
(657, 1, 1, 2, '', '', 1, '2019-09-30 23:26:52', 0, NULL),
(658, 1, 1, 2, '', '', 1, '2019-09-30 23:26:52', 0, NULL),
(659, 1, 1, 2, '', '', 1, '2019-09-30 23:26:52', 0, NULL),
(660, 1, 1, 2, '', '', 1, '2019-09-30 23:26:52', 0, NULL),
(661, 1, 1, 2, '', '', 1, '2019-09-30 23:26:52', 0, NULL),
(662, 1, 1, 2, '', '', 1, '2019-09-30 23:26:52', 0, NULL),
(663, 1, 1, 2, '', '', 1, '2019-09-30 23:26:52', 0, NULL),
(664, 1, 1, 2, '', '', 1, '2019-09-30 23:26:52', 0, NULL),
(665, 1, 1, 2, '', '', 1, '2019-09-30 23:26:52', 0, NULL),
(666, 1, 1, 2, '', '', 1, '2019-09-30 23:26:52', 0, NULL),
(667, 1, 1, 2, '', '', 1, '2019-09-30 23:26:52', 0, NULL),
(668, 1, 1, 2, '', '', 1, '2019-09-30 23:26:52', 0, NULL),
(669, 1, 1, 2, '', '', 1, '2019-09-30 23:26:52', 0, NULL),
(670, 1, 1, 2, '', '', 1, '2019-09-30 23:26:52', 0, NULL),
(671, 1, 1, 2, '', '', 1, '2019-09-30 23:26:52', 0, NULL),
(672, 1, 1, 2, '', '', 1, '2019-09-30 23:26:52', 0, NULL),
(673, 1, 1, 2, '', '', 1, '2019-09-30 23:26:52', 0, NULL),
(674, 1, 1, 2, '', '', 1, '2019-09-30 23:26:52', 0, NULL),
(675, 1, 1, 2, '', '', 1, '2019-09-30 23:26:52', 0, NULL),
(676, 1, 1, 2, '', '', 1, '2019-09-30 23:26:52', 0, NULL),
(677, 1, 1, 2, '', '', 1, '2019-09-30 23:26:52', 0, NULL),
(678, 1, 1, 2, '', '', 1, '2019-09-30 23:26:52', 0, NULL),
(679, 1, 1, 2, '', '', 1, '2019-09-30 23:26:52', 0, NULL),
(680, 1, 1, 2, '', '', 1, '2019-09-30 23:26:52', 0, NULL),
(681, 1, 1, 2, '', '', 1, '2019-09-30 23:26:52', 0, NULL),
(682, 1, 1, 2, '', '', 1, '2019-09-30 23:26:52', 0, NULL),
(683, 1, 1, 2, '', '', 1, '2019-09-30 23:26:52', 0, NULL),
(684, 1, 1, 2, '', '', 1, '2019-09-30 23:26:52', 0, NULL),
(685, 1, 1, 2, '', '', 1, '2019-09-30 23:26:52', 0, NULL),
(686, 1, 1, 2, '', '', 1, '2019-09-30 23:26:52', 0, NULL),
(687, 1, 1, 2, '', '', 1, '2019-09-30 23:26:52', 0, NULL),
(688, 1, 1, 2, '', '', 1, '2019-09-30 23:26:52', 0, NULL),
(689, 1, 1, 2, '', '', 1, '2019-09-30 23:26:52', 0, NULL),
(690, 1, 1, 2, '', '', 1, '2019-09-30 23:26:52', 0, NULL),
(691, 1, 1, 2, '', '', 1, '2019-09-30 23:26:52', 0, NULL),
(692, 1, 1, 2, '', '', 1, '2019-09-30 23:26:52', 0, NULL),
(693, 1, 1, 2, '', '', 1, '2019-09-30 23:26:52', 0, NULL),
(694, 1, 1, 2, '', '', 1, '2019-09-30 23:26:52', 0, NULL),
(695, 1, 1, 2, '', '', 1, '2019-09-30 23:26:52', 0, NULL),
(696, 1, 1, 2, '', '', 1, '2019-09-30 23:26:52', 0, NULL),
(697, 1, 1, 2, '', '', 1, '2019-09-30 23:26:52', 0, NULL),
(698, 1, 1, 2, '', '', 1, '2019-09-30 23:26:52', 0, NULL),
(699, 1, 1, 2, '', '', 1, '2019-09-30 23:26:52', 0, NULL),
(700, 1, 1, 2, '', '', 1, '2019-09-30 23:26:52', 0, NULL),
(701, 1, 1, 2, '', '', 1, '2019-09-30 23:26:52', 0, NULL),
(702, 1, 1, 2, '', '', 1, '2019-09-30 23:26:52', 0, NULL),
(703, 1, 1, 2, '', '', 1, '2019-09-30 23:26:52', 0, NULL),
(704, 1, 1, 2, '', '', 1, '2019-09-30 23:26:52', 0, NULL),
(705, 1, 1, 2, '', '', 1, '2019-09-30 23:26:52', 0, NULL),
(706, 1, 1, 2, '', '', 1, '2019-09-30 23:26:52', 0, NULL),
(707, 1, 1, 2, '', '', 1, '2019-09-30 23:26:52', 0, NULL),
(708, 1, 1, 2, '', '', 1, '2019-09-30 23:26:52', 0, NULL),
(709, 1, 1, 2, '', '', 1, '2019-09-30 23:26:52', 0, NULL),
(710, 1, 1, 2, '', '', 1, '2019-09-30 23:26:52', 0, NULL),
(711, 1, 1, 2, '', '', 1, '2019-09-30 23:26:52', 0, NULL),
(712, 1, 1, 2, '', '', 1, '2019-09-30 23:26:52', 0, NULL),
(713, 1, 1, 2, '', '', 1, '2019-09-30 23:26:52', 0, NULL),
(714, 1, 1, 2, '', '', 1, '2019-09-30 23:26:52', 0, NULL),
(715, 1, 1, 2, '', '', 1, '2019-09-30 23:26:52', 0, NULL),
(716, 1, 1, 2, '', '', 1, '2019-09-30 23:26:52', 0, NULL),
(717, 1, 1, 2, '', '', 1, '2019-09-30 23:26:52', 0, NULL),
(718, 1, 1, 2, '', '', 1, '2019-09-30 23:26:52', 0, NULL),
(719, 1, 1, 2, '', '', 1, '2019-09-30 23:26:52', 0, NULL),
(720, 1, 1, 2, '', '', 1, '2019-09-30 23:26:52', 0, NULL),
(721, 1, 1, 2, '', '', 1, '2019-09-30 23:26:52', 0, NULL),
(722, 1, 1, 2, '', '', 1, '2019-09-30 23:26:52', 0, NULL),
(723, 1, 1, 2, '', '', 1, '2019-09-30 23:26:52', 0, NULL),
(724, 1, 1, 2, '', '', 1, '2019-09-30 23:26:52', 0, NULL),
(725, 1, 1, 2, '', '', 1, '2019-09-30 23:26:52', 0, NULL),
(726, 1, 1, 2, '', '', 1, '2019-09-30 23:26:52', 0, NULL),
(727, 1, 1, 2, '', '', 1, '2019-09-30 23:26:52', 0, NULL),
(728, 1, 1, 2, '', '', 1, '2019-09-30 23:26:52', 0, NULL),
(729, 1, 1, 2, '', '', 1, '2019-09-30 23:26:52', 0, NULL),
(730, 1, 1, 2, '', '', 1, '2019-09-30 23:26:52', 0, NULL),
(731, 1, 1, 2, '', '', 1, '2019-09-30 23:26:52', 0, NULL),
(732, 1, 1, 2, '', '', 1, '2019-09-30 23:26:52', 0, NULL),
(733, 1, 1, 2, '', '', 1, '2019-09-30 23:26:52', 0, NULL),
(734, 1, 1, 2, '', '', 1, '2019-09-30 23:26:52', 0, NULL),
(735, 1, 1, 2, '', '', 1, '2019-09-30 23:26:52', 0, NULL),
(736, 1, 1, 2, '', '', 1, '2019-09-30 23:26:52', 0, NULL),
(737, 1, 1, 2, '', '', 1, '2019-09-30 23:26:52', 0, NULL),
(738, 1, 1, 2, '', '', 1, '2019-09-30 23:26:52', 0, NULL),
(739, 1, 1, 2, '', '', 1, '2019-09-30 23:26:52', 0, NULL),
(740, 1, 1, 2, '', '', 1, '2019-09-30 23:26:52', 0, NULL),
(741, 1, 1, 2, '', '', 1, '2019-09-30 23:26:52', 0, NULL),
(742, 1, 1, 2, '', '', 1, '2019-09-30 23:26:52', 0, NULL),
(743, 1, 1, 2, '', '', 1, '2019-09-30 23:26:52', 0, NULL),
(744, 1, 1, 2, '', '', 1, '2019-09-30 23:26:52', 0, NULL),
(745, 1, 1, 2, '', '', 1, '2019-09-30 23:26:52', 0, NULL),
(746, 1, 1, 2, '', '', 1, '2019-09-30 23:26:52', 0, NULL),
(747, 1, 1, 2, '', '', 1, '2019-09-30 23:26:52', 0, NULL),
(748, 1, 1, 2, '', '', 1, '2019-09-30 23:26:52', 0, NULL),
(749, 1, 1, 2, '', '', 1, '2019-09-30 23:26:52', 0, NULL),
(750, 1, 1, 2, '', '', 1, '2019-09-30 23:26:52', 0, NULL),
(751, 1, 1, 2, '', '', 1, '2019-09-30 23:26:52', 0, NULL),
(752, 1, 1, 2, '', '', 1, '2019-09-30 23:26:52', 0, NULL),
(753, 1, 1, 2, '', '', 1, '2019-09-30 23:26:52', 0, NULL),
(754, 1, 1, 2, '', '', 1, '2019-09-30 23:26:52', 0, NULL),
(755, 1, 1, 2, '', '', 1, '2019-09-30 23:26:52', 0, NULL),
(756, 1, 1, 2, '', '', 1, '2019-09-30 23:26:52', 0, NULL),
(757, 1, 1, 2, '', '', 1, '2019-09-30 23:26:52', 0, NULL),
(758, 1, 1, 2, '', '', 1, '2019-09-30 23:26:52', 0, NULL),
(759, 1, 1, 2, '', '', 1, '2019-09-30 23:26:52', 0, NULL),
(760, 1, 1, 2, '', '', 1, '2019-09-30 23:26:52', 0, NULL),
(761, 1, 1, 2, '', '', 1, '2019-09-30 23:26:52', 0, NULL),
(762, 1, 1, 2, '', '', 1, '2019-09-30 23:26:52', 0, NULL),
(763, 1, 1, 2, '', '', 1, '2019-09-30 23:26:52', 0, NULL),
(764, 1, 1, 2, '', '', 1, '2019-09-30 23:26:52', 0, NULL),
(765, 1, 1, 2, '', '', 1, '2019-09-30 23:26:52', 0, NULL),
(766, 1, 1, 2, '', '', 1, '2019-09-30 23:26:52', 0, NULL),
(767, 1, 1, 2, '', '', 1, '2019-09-30 23:26:52', 0, NULL),
(768, 1, 1, 2, '', '', 1, '2019-09-30 23:26:52', 0, NULL),
(769, 1, 1, 2, '', '', 1, '2019-09-30 23:26:52', 0, NULL),
(770, 1, 1, 2, '', '', 1, '2019-09-30 23:26:52', 0, NULL),
(771, 1, 1, 2, '', '', 1, '2019-09-30 23:26:52', 0, NULL),
(772, 1, 1, 2, '', '', 1, '2019-09-30 23:26:52', 0, NULL),
(773, 1, 1, 2, '', '', 1, '2019-09-30 23:26:52', 0, NULL),
(774, 1, 1, 2, '', '', 1, '2019-09-30 23:26:52', 0, NULL),
(775, 1, 1, 2, '', '', 1, '2019-09-30 23:26:52', 0, NULL),
(776, 1, 1, 2, '', '', 1, '2019-09-30 23:26:52', 0, NULL),
(777, 1, 1, 2, '', '', 1, '2019-09-30 23:26:52', 0, NULL),
(778, 1, 1, 2, '', '', 1, '2019-09-30 23:26:52', 0, NULL),
(779, 1, 1, 2, '', '', 1, '2019-09-30 23:26:52', 0, NULL),
(780, 1, 1, 2, '', '', 1, '2019-09-30 23:26:52', 0, NULL),
(781, 1, 1, 2, '', '', 1, '2019-09-30 23:26:52', 0, NULL),
(782, 1, 1, 2, '', '', 1, '2019-09-30 23:26:52', 0, NULL),
(783, 1, 1, 2, '', '', 1, '2019-09-30 23:26:52', 0, NULL),
(784, 1, 1, 2, '', '', 1, '2019-09-30 23:26:52', 0, NULL),
(785, 1, 1, 2, '', '', 1, '2019-09-30 23:26:52', 0, NULL),
(786, 1, 1, 2, '', '', 1, '2019-09-30 23:26:52', 0, NULL),
(787, 1, 1, 2, '', '', 1, '2019-09-30 23:26:52', 0, NULL),
(788, 1, 1, 2, '', '', 1, '2019-09-30 23:26:52', 0, NULL),
(789, 1, 1, 2, '', '', 1, '2019-09-30 23:26:52', 0, NULL),
(790, 1, 1, 2, '', '', 1, '2019-09-30 23:26:52', 0, NULL),
(791, 1, 1, 2, '', '', 1, '2019-09-30 23:26:52', 0, NULL),
(792, 1, 1, 2, '', '', 1, '2019-09-30 23:26:52', 0, NULL),
(793, 1, 1, 2, '', '', 1, '2019-09-30 23:26:52', 0, NULL),
(794, 1, 1, 2, '', '', 1, '2019-09-30 23:26:52', 0, NULL),
(795, 1, 1, 2, '', '', 1, '2019-09-30 23:26:52', 0, NULL),
(796, 1, 1, 2, '', '', 1, '2019-09-30 23:26:52', 0, NULL),
(797, 1, 1, 2, '', '', 1, '2019-09-30 23:26:52', 0, NULL),
(798, 1, 1, 2, '', '', 1, '2019-09-30 23:26:52', 0, NULL),
(799, 1, 1, 2, '', '', 1, '2019-09-30 23:26:52', 0, NULL),
(800, 1, 1, 2, '', '', 1, '2019-09-30 23:26:52', 0, NULL),
(801, 1, 1, 2, '', '', 1, '2019-09-30 23:26:52', 0, NULL),
(802, 1, 1, 2, '', '', 1, '2019-09-30 23:26:52', 0, NULL),
(803, 1, 1, 2, '', '', 1, '2019-09-30 23:26:52', 0, NULL),
(804, 1, 1, 2, '', '', 1, '2019-09-30 23:26:52', 0, NULL),
(805, 1, 1, 2, '', '', 1, '2019-09-30 23:26:52', 0, NULL),
(806, 1, 1, 2, '', '', 1, '2019-09-30 23:26:52', 0, NULL),
(807, 1, 1, 2, '', '', 1, '2019-09-30 23:26:52', 0, NULL),
(808, 1, 1, 2, '', '', 1, '2019-09-30 23:26:52', 0, NULL),
(809, 1, 1, 2, '', '', 1, '2019-09-30 23:26:52', 0, NULL),
(810, 1, 1, 2, '', '', 1, '2019-09-30 23:26:52', 0, NULL),
(811, 1, 1, 2, '', '', 1, '2019-09-30 23:26:52', 0, NULL),
(812, 1, 1, 2, '', '', 1, '2019-09-30 23:26:52', 0, NULL),
(813, 1, 1, 2, '', '', 1, '2019-09-30 23:26:52', 0, NULL),
(814, 1, 1, 2, '', '', 1, '2019-09-30 23:26:52', 0, NULL),
(815, 1, 1, 2, '', '', 1, '2019-09-30 23:26:52', 0, NULL),
(816, 1, 1, 2, '', '', 1, '2019-09-30 23:26:52', 0, NULL),
(817, 1, 1, 2, '', '', 1, '2019-09-30 23:26:52', 0, NULL),
(818, 1, 1, 2, '', '', 1, '2019-09-30 23:26:52', 0, NULL),
(819, 1, 1, 2, '', '', 1, '2019-09-30 23:26:52', 0, NULL),
(820, 1, 1, 2, '', '', 1, '2019-09-30 23:26:52', 0, NULL),
(821, 1, 1, 2, '', '', 1, '2019-09-30 23:26:52', 0, NULL),
(822, 1, 1, 2, '', '', 1, '2019-09-30 23:26:52', 0, NULL),
(823, 1, 1, 2, '', '', 1, '2019-09-30 23:26:52', 0, NULL),
(824, 1, 1, 2, '', '', 1, '2019-09-30 23:26:52', 0, NULL),
(825, 1, 1, 2, '', '', 1, '2019-09-30 23:26:52', 0, NULL),
(826, 1, 1, 2, '', '', 1, '2019-09-30 23:26:52', 0, NULL),
(827, 1, 1, 2, '', '', 1, '2019-09-30 23:26:52', 0, NULL),
(828, 1, 1, 2, '', '', 1, '2019-09-30 23:26:52', 0, NULL),
(829, 1, 1, 2, '', '', 1, '2019-09-30 23:26:52', 0, NULL),
(830, 1, 1, 2, '', '', 1, '2019-09-30 23:26:52', 0, NULL),
(831, 1, 1, 2, '', '', 1, '2019-09-30 23:26:52', 0, NULL),
(832, 1, 1, 2, '', '', 1, '2019-09-30 23:26:52', 0, NULL),
(833, 1, 1, 2, '', '', 1, '2019-09-30 23:26:52', 0, NULL),
(834, 1, 1, 2, '', '', 1, '2019-09-30 23:26:52', 0, NULL),
(835, 1, 1, 2, '', '', 1, '2019-09-30 23:26:52', 0, NULL),
(836, 1, 1, 2, '', '', 1, '2019-09-30 23:26:52', 0, NULL),
(837, 1, 1, 2, '', '', 1, '2019-09-30 23:26:52', 0, NULL),
(838, 1, 1, 2, '', '', 1, '2019-09-30 23:26:52', 0, NULL),
(839, 1, 1, 2, '', '', 1, '2019-09-30 23:26:52', 0, NULL),
(840, 1, 1, 2, '', '', 1, '2019-09-30 23:26:52', 0, NULL),
(841, 1, 1, 2, '', '', 1, '2019-09-30 23:26:52', 0, NULL),
(842, 1, 1, 2, '', '', 1, '2019-09-30 23:26:52', 0, NULL),
(843, 1, 1, 2, '', '', 1, '2019-09-30 23:26:52', 0, NULL),
(844, 1, 1, 2, '', '', 1, '2019-09-30 23:26:52', 0, NULL),
(845, 1, 1, 2, '', '', 1, '2019-09-30 23:26:52', 0, NULL),
(846, 1, 1, 2, '', '', 1, '2019-09-30 23:26:52', 0, NULL),
(847, 1, 1, 2, '', '', 1, '2019-09-30 23:26:52', 0, NULL),
(848, 1, 1, 2, '', '', 1, '2019-09-30 23:26:52', 0, NULL),
(849, 1, 1, 2, '', '', 1, '2019-09-30 23:26:52', 0, NULL),
(850, 1, 1, 2, '', '', 1, '2019-09-30 23:26:52', 0, NULL),
(851, 1, 1, 2, '', '', 1, '2019-09-30 23:26:52', 0, NULL),
(852, 1, 1, 2, '', '', 1, '2019-09-30 23:26:52', 0, NULL),
(853, 1, 1, 2, '', '', 1, '2019-09-30 23:26:52', 0, NULL),
(854, 1, 1, 2, '', '', 1, '2019-09-30 23:26:52', 0, NULL),
(855, 1, 1, 2, '', '', 1, '2019-09-30 23:26:52', 0, NULL),
(856, 1, 1, 2, '', '', 1, '2019-09-30 23:26:52', 0, NULL),
(857, 1, 1, 2, '', '', 1, '2019-09-30 23:26:52', 0, NULL),
(858, 1, 1, 2, '', '', 1, '2019-09-30 23:26:52', 0, NULL),
(859, 1, 1, 2, '', '', 1, '2019-09-30 23:26:52', 0, NULL),
(860, 1, 1, 2, '', '', 1, '2019-09-30 23:26:52', 0, NULL),
(861, 1, 1, 2, '', '', 1, '2019-09-30 23:26:52', 0, NULL),
(862, 1, 1, 2, '', '', 1, '2019-09-30 23:26:52', 0, NULL),
(863, 1, 1, 2, '', '', 1, '2019-09-30 23:26:52', 0, NULL),
(864, 1, 1, 2, '', '', 1, '2019-09-30 23:26:52', 0, NULL),
(865, 1, 1, 2, '', '', 1, '2019-09-30 23:26:52', 0, NULL),
(866, 1, 1, 2, '', '', 1, '2019-09-30 23:26:52', 0, NULL),
(867, 1, 1, 2, '', '', 1, '2019-09-30 23:26:52', 0, NULL),
(868, 1, 1, 2, '', '', 1, '2019-09-30 23:26:52', 0, NULL),
(869, 1, 1, 2, '', '', 1, '2019-09-30 23:26:52', 0, NULL),
(870, 1, 1, 2, '', '', 1, '2019-09-30 23:26:52', 0, NULL),
(871, 1, 1, 2, '', '', 1, '2019-09-30 23:26:52', 0, NULL),
(872, 1, 1, 2, '', '', 1, '2019-09-30 23:26:52', 0, NULL),
(873, 1, 1, 2, '', '', 1, '2019-09-30 23:26:52', 0, NULL),
(874, 1, 1, 2, '', '', 1, '2019-09-30 23:26:52', 0, NULL);
INSERT INTO `ticket` (`id_ticket_num`, `id_evento_num`, `id_actividad_num`, `id_estado_num`, `recibo_str`, `comentario_str`, `usuario_creador_num`, `dia_creado_dat`, `usuario_modificador_num`, `dia_modificado_dat`) VALUES
(875, 1, 1, 2, '', '', 1, '2019-09-30 23:26:52', 0, NULL),
(876, 1, 1, 2, '', '', 1, '2019-09-30 23:26:52', 0, NULL),
(877, 1, 1, 2, '', '', 1, '2019-09-30 23:26:52', 0, NULL),
(878, 1, 1, 2, '', '', 1, '2019-09-30 23:26:52', 0, NULL),
(879, 1, 1, 2, '', '', 1, '2019-09-30 23:26:52', 0, NULL),
(880, 1, 1, 2, '', '', 1, '2019-09-30 23:26:52', 0, NULL),
(881, 1, 1, 2, '', '', 1, '2019-09-30 23:26:52', 0, NULL),
(882, 1, 1, 2, '', '', 1, '2019-09-30 23:26:52', 0, NULL),
(883, 1, 1, 2, '', '', 1, '2019-09-30 23:26:52', 0, NULL),
(884, 1, 1, 2, '', '', 1, '2019-09-30 23:26:52', 0, NULL),
(885, 1, 1, 2, '', '', 1, '2019-09-30 23:26:52', 0, NULL),
(886, 1, 1, 2, '', '', 1, '2019-09-30 23:26:52', 0, NULL),
(887, 1, 1, 2, '', '', 1, '2019-09-30 23:26:52', 0, NULL),
(888, 1, 1, 2, '', '', 1, '2019-09-30 23:26:52', 0, NULL),
(889, 1, 1, 2, '', '', 1, '2019-09-30 23:26:52', 0, NULL),
(890, 1, 1, 2, '', '', 1, '2019-09-30 23:26:52', 0, NULL),
(891, 1, 1, 2, '', '', 1, '2019-09-30 23:26:52', 0, NULL),
(892, 1, 1, 2, '', '', 1, '2019-09-30 23:26:52', 0, NULL),
(893, 1, 1, 2, '', '', 1, '2019-09-30 23:26:52', 0, NULL),
(894, 1, 1, 2, '', '', 1, '2019-09-30 23:26:52', 0, NULL),
(895, 1, 1, 2, '', '', 1, '2019-09-30 23:26:52', 0, NULL),
(896, 1, 1, 2, '', '', 1, '2019-09-30 23:26:52', 0, NULL),
(897, 1, 1, 2, '', '', 1, '2019-09-30 23:26:52', 0, NULL),
(898, 1, 1, 2, '', '', 1, '2019-09-30 23:26:52', 0, NULL),
(899, 1, 1, 2, '', '', 1, '2019-09-30 23:26:52', 0, NULL),
(900, 1, 1, 2, '', '', 1, '2019-09-30 23:26:52', 0, NULL),
(901, 1, 1, 2, '', '', 1, '2019-09-30 23:26:52', 0, NULL),
(902, 1, 1, 2, '', '', 1, '2019-09-30 23:26:52', 0, NULL),
(903, 1, 1, 2, '', '', 1, '2019-09-30 23:26:52', 0, NULL),
(904, 1, 1, 2, '', '', 1, '2019-09-30 23:26:52', 0, NULL),
(905, 1, 1, 2, '', '', 1, '2019-09-30 23:26:52', 0, NULL),
(906, 1, 1, 2, '', '', 1, '2019-09-30 23:26:52', 0, NULL),
(907, 1, 1, 2, '', '', 1, '2019-09-30 23:26:52', 0, NULL),
(908, 1, 1, 2, '', '', 1, '2019-09-30 23:26:52', 0, NULL),
(909, 1, 1, 2, '', '', 1, '2019-09-30 23:26:52', 0, NULL),
(910, 1, 1, 2, '', '', 1, '2019-09-30 23:26:52', 0, NULL),
(911, 1, 1, 2, '', '', 1, '2019-09-30 23:26:52', 0, NULL),
(912, 1, 1, 2, '', '', 1, '2019-09-30 23:26:52', 0, NULL),
(913, 1, 1, 2, '', '', 1, '2019-09-30 23:26:52', 0, NULL),
(914, 1, 1, 2, '', '', 1, '2019-09-30 23:26:52', 0, NULL),
(915, 1, 1, 2, '', '', 1, '2019-09-30 23:26:52', 0, NULL),
(916, 1, 1, 2, '', '', 1, '2019-09-30 23:26:52', 0, NULL),
(917, 1, 1, 2, '', '', 1, '2019-09-30 23:26:52', 0, NULL),
(918, 1, 1, 2, '', '', 1, '2019-09-30 23:26:52', 0, NULL),
(919, 1, 1, 2, '', '', 1, '2019-09-30 23:26:52', 0, NULL),
(920, 1, 1, 2, '', '', 1, '2019-09-30 23:26:52', 0, NULL),
(921, 1, 1, 2, '', '', 1, '2019-09-30 23:26:52', 0, NULL),
(922, 1, 1, 2, '', '', 1, '2019-09-30 23:26:52', 0, NULL),
(923, 1, 1, 2, '', '', 1, '2019-09-30 23:26:52', 0, NULL),
(924, 1, 1, 2, '', '', 1, '2019-09-30 23:26:52', 0, NULL),
(925, 1, 1, 2, '', '', 1, '2019-09-30 23:26:52', 0, NULL),
(926, 1, 1, 2, '', '', 1, '2019-09-30 23:26:52', 0, NULL),
(927, 1, 1, 2, '', '', 1, '2019-09-30 23:26:52', 0, NULL),
(928, 1, 1, 2, '', '', 1, '2019-09-30 23:26:52', 0, NULL),
(929, 1, 1, 2, '', '', 1, '2019-09-30 23:26:52', 0, NULL),
(930, 1, 1, 2, '', '', 1, '2019-09-30 23:26:52', 0, NULL),
(931, 1, 1, 2, '', '', 1, '2019-09-30 23:26:52', 0, NULL),
(932, 1, 1, 2, '', '', 1, '2019-09-30 23:26:52', 0, NULL),
(933, 1, 1, 2, '', '', 1, '2019-09-30 23:26:52', 0, NULL),
(934, 1, 1, 2, '', '', 1, '2019-09-30 23:26:52', 0, NULL),
(935, 1, 1, 2, '', '', 1, '2019-09-30 23:26:52', 0, NULL),
(936, 1, 1, 2, '', '', 1, '2019-09-30 23:26:52', 0, NULL),
(937, 1, 1, 2, '', '', 1, '2019-09-30 23:26:52', 0, NULL),
(938, 1, 1, 2, '', '', 1, '2019-09-30 23:26:52', 0, NULL),
(939, 1, 1, 2, '', '', 1, '2019-09-30 23:26:52', 0, NULL),
(940, 1, 1, 2, '', '', 1, '2019-09-30 23:26:52', 0, NULL),
(941, 1, 1, 2, '', '', 1, '2019-09-30 23:26:52', 0, NULL),
(942, 1, 1, 2, '', '', 1, '2019-09-30 23:26:52', 0, NULL),
(943, 1, 1, 2, '', '', 1, '2019-09-30 23:26:52', 0, NULL),
(944, 1, 1, 2, '', '', 1, '2019-09-30 23:26:52', 0, NULL),
(945, 1, 1, 2, '', '', 1, '2019-09-30 23:26:52', 0, NULL),
(946, 1, 1, 2, '', '', 1, '2019-09-30 23:26:52', 0, NULL),
(947, 1, 1, 2, '', '', 1, '2019-09-30 23:26:52', 0, NULL),
(948, 1, 1, 2, '', '', 1, '2019-09-30 23:26:52', 0, NULL),
(949, 1, 1, 2, '', '', 1, '2019-09-30 23:26:52', 0, NULL),
(950, 1, 1, 2, '', '', 1, '2019-09-30 23:26:52', 0, NULL),
(951, 1, 1, 2, '', '', 1, '2019-09-30 23:26:52', 0, NULL),
(952, 1, 1, 2, '', '', 1, '2019-09-30 23:26:52', 0, NULL),
(953, 1, 1, 2, '', '', 1, '2019-09-30 23:26:52', 0, NULL),
(954, 1, 1, 2, '', '', 1, '2019-09-30 23:26:52', 0, NULL),
(955, 1, 1, 2, '', '', 1, '2019-09-30 23:26:52', 0, NULL),
(956, 1, 1, 2, '', '', 1, '2019-09-30 23:26:52', 0, NULL),
(957, 1, 1, 2, '', '', 1, '2019-09-30 23:26:52', 0, NULL),
(958, 1, 1, 2, '', '', 1, '2019-09-30 23:26:52', 0, NULL),
(959, 1, 1, 2, '', '', 1, '2019-09-30 23:26:52', 0, NULL),
(960, 1, 1, 2, '', '', 1, '2019-09-30 23:26:52', 0, NULL),
(961, 1, 1, 2, '', '', 1, '2019-09-30 23:26:52', 0, NULL),
(962, 1, 1, 2, '', '', 1, '2019-09-30 23:26:52', 0, NULL),
(963, 1, 1, 2, '', '', 1, '2019-09-30 23:26:52', 0, NULL),
(964, 1, 1, 2, '', '', 1, '2019-09-30 23:26:52', 0, NULL),
(965, 1, 1, 2, '', '', 1, '2019-09-30 23:26:52', 0, NULL),
(966, 1, 1, 2, '', '', 1, '2019-09-30 23:26:52', 0, NULL),
(967, 1, 1, 2, '', '', 1, '2019-09-30 23:26:52', 0, NULL),
(968, 1, 1, 2, '', '', 1, '2019-09-30 23:26:52', 0, NULL),
(969, 1, 1, 2, '', '', 1, '2019-09-30 23:26:52', 0, NULL),
(970, 1, 1, 2, '', '', 1, '2019-09-30 23:26:52', 0, NULL),
(971, 1, 1, 2, '', '', 1, '2019-09-30 23:26:52', 0, NULL),
(972, 1, 1, 2, '', '', 1, '2019-09-30 23:26:52', 0, NULL),
(973, 1, 1, 2, '', '', 1, '2019-09-30 23:26:52', 0, NULL),
(974, 1, 1, 2, '', '', 1, '2019-09-30 23:26:52', 0, NULL),
(975, 1, 1, 2, '', '', 1, '2019-09-30 23:26:52', 0, NULL),
(976, 1, 1, 2, '', '', 1, '2019-09-30 23:26:52', 0, NULL),
(977, 1, 1, 2, '', '', 1, '2019-09-30 23:26:52', 0, NULL),
(978, 1, 1, 2, '', '', 1, '2019-09-30 23:26:52', 0, NULL),
(979, 1, 1, 2, '', '', 1, '2019-09-30 23:26:52', 0, NULL),
(980, 1, 1, 2, '', '', 1, '2019-09-30 23:26:52', 0, NULL),
(981, 1, 1, 2, '', '', 1, '2019-09-30 23:26:52', 0, NULL),
(982, 1, 1, 2, '', '', 1, '2019-09-30 23:26:52', 0, NULL),
(983, 1, 1, 2, '', '', 1, '2019-09-30 23:26:52', 0, NULL),
(984, 1, 1, 2, '', '', 1, '2019-09-30 23:26:52', 0, NULL),
(985, 1, 1, 2, '', '', 1, '2019-09-30 23:26:52', 0, NULL),
(986, 1, 1, 2, '', '', 1, '2019-09-30 23:26:52', 0, NULL),
(987, 1, 1, 2, '', '', 1, '2019-09-30 23:26:52', 0, NULL),
(988, 1, 1, 2, '', '', 1, '2019-09-30 23:26:52', 0, NULL),
(989, 1, 1, 2, '', '', 1, '2019-09-30 23:26:52', 0, NULL),
(990, 1, 1, 2, '', '', 1, '2019-09-30 23:26:52', 0, NULL),
(991, 1, 1, 2, '', '', 1, '2019-09-30 23:26:52', 0, NULL),
(992, 1, 1, 2, '', '', 1, '2019-09-30 23:26:52', 0, NULL),
(993, 1, 1, 2, '', '', 1, '2019-09-30 23:26:52', 0, NULL),
(994, 1, 1, 2, '', '', 1, '2019-09-30 23:26:52', 0, NULL),
(995, 1, 1, 2, '', '', 1, '2019-09-30 23:26:52', 0, NULL),
(996, 1, 1, 2, '', '', 1, '2019-09-30 23:26:52', 0, NULL),
(997, 1, 1, 2, '', '', 1, '2019-09-30 23:26:52', 0, NULL),
(998, 1, 1, 2, '', '', 1, '2019-09-30 23:26:52', 0, NULL),
(999, 1, 1, 2, '', '', 1, '2019-09-30 23:26:52', 0, NULL),
(1000, 1, 1, 2, '', '', 1, '2019-09-30 23:26:52', 0, NULL),
(1001, 1, 1, 2, '', '', 1, '2019-09-30 23:26:52', 0, NULL),
(1002, 1, 1, 2, '', '', 1, '2019-09-30 23:26:52', 0, NULL),
(1003, 1, 1, 2, '', '', 1, '2019-09-30 23:26:52', 0, NULL),
(1004, 1, 1, 2, '', '', 1, '2019-09-30 23:26:52', 0, NULL),
(1005, 1, 1, 2, '', '', 1, '2019-09-30 23:26:52', 0, NULL),
(1006, 1, 1, 2, '', '', 1, '2019-09-30 23:26:52', 0, NULL),
(1007, 1, 1, 2, '', '', 1, '2019-09-30 23:26:52', 0, NULL),
(1008, 1, 1, 2, '', '', 1, '2019-09-30 23:26:52', 0, NULL),
(1009, 1, 1, 2, '', '', 1, '2019-09-30 23:26:52', 0, NULL),
(1010, 1, 1, 2, '', '', 1, '2019-09-30 23:26:52', 0, NULL),
(1011, 1, 1, 2, '', '', 1, '2019-09-30 23:26:52', 0, NULL),
(1012, 1, 1, 2, '', '', 1, '2019-09-30 23:26:52', 0, NULL),
(1013, 1, 1, 2, '', '', 1, '2019-09-30 23:26:52', 0, NULL),
(1014, 1, 1, 2, '', '', 1, '2019-09-30 23:26:52', 0, NULL),
(1015, 1, 1, 2, '', '', 1, '2019-09-30 23:26:52', 0, NULL),
(1016, 1, 1, 2, '', '', 1, '2019-09-30 23:26:52', 0, NULL),
(1017, 1, 1, 2, '', '', 1, '2019-09-30 23:26:52', 0, NULL),
(1018, 1, 1, 2, '', '', 1, '2019-09-30 23:26:52', 0, NULL),
(1019, 1, 1, 2, '', '', 1, '2019-09-30 23:26:52', 0, NULL),
(1020, 1, 1, 2, '', '', 1, '2019-09-30 23:26:52', 0, NULL),
(1021, 1, 1, 2, '', '', 1, '2019-09-30 23:26:52', 0, NULL),
(1022, 1, 1, 2, '', '', 1, '2019-09-30 23:26:52', 0, NULL),
(1023, 1, 1, 2, '', '', 1, '2019-09-30 23:26:52', 0, NULL),
(1024, 1, 1, 2, '', '', 1, '2019-09-30 23:26:52', 0, NULL),
(1025, 1, 1, 2, '', '', 1, '2019-09-30 23:26:52', 0, NULL),
(1026, 1, 1, 2, '', '', 1, '2019-09-30 23:26:52', 0, NULL),
(1027, 1, 1, 2, '', '', 1, '2019-09-30 23:26:52', 0, NULL),
(1028, 1, 1, 2, '', '', 1, '2019-09-30 23:26:52', 0, NULL),
(1029, 1, 1, 2, '', '', 1, '2019-09-30 23:26:52', 0, NULL),
(1030, 1, 1, 2, '', '', 1, '2019-09-30 23:26:52', 0, NULL),
(1031, 1, 1, 2, '', '', 1, '2019-09-30 23:26:52', 0, NULL),
(1032, 1, 1, 2, '', '', 1, '2019-09-30 23:26:52', 0, NULL),
(1033, 1, 1, 2, '', '', 1, '2019-09-30 23:26:52', 0, NULL),
(1034, 1, 1, 2, '', '', 1, '2019-09-30 23:26:52', 0, NULL),
(1035, 1, 1, 2, '', '', 1, '2019-09-30 23:26:52', 0, NULL),
(1036, 1, 1, 2, '', '', 1, '2019-09-30 23:26:52', 0, NULL),
(1037, 1, 1, 2, '', '', 1, '2019-09-30 23:26:52', 0, NULL),
(1038, 1, 1, 2, '', '', 1, '2019-09-30 23:26:52', 0, NULL),
(1039, 1, 1, 2, '', '', 1, '2019-09-30 23:26:52', 0, NULL),
(1040, 1, 1, 2, '', '', 1, '2019-09-30 23:26:52', 0, NULL),
(1041, 1, 1, 2, '', '', 1, '2019-09-30 23:26:52', 0, NULL),
(1042, 1, 1, 2, '', '', 1, '2019-09-30 23:26:52', 0, NULL),
(1043, 1, 1, 2, '', '', 1, '2019-09-30 23:26:52', 0, NULL),
(1044, 1, 1, 2, '', '', 1, '2019-09-30 23:26:52', 0, NULL),
(1045, 1, 1, 2, '', '', 1, '2019-09-30 23:26:52', 0, NULL),
(1046, 1, 1, 2, '', '', 1, '2019-09-30 23:26:52', 0, NULL),
(1047, 1, 1, 2, '', '', 1, '2019-09-30 23:26:52', 0, NULL),
(1048, 1, 1, 2, '', '', 1, '2019-09-30 23:26:52', 0, NULL),
(1049, 1, 1, 2, '', '', 1, '2019-09-30 23:26:52', 0, NULL),
(1050, 1, 1, 2, '', '', 1, '2019-09-30 23:26:52', 0, NULL),
(1051, 1, 1, 2, '', '', 1, '2019-09-30 23:26:52', 0, NULL),
(1052, 1, 1, 2, '', '', 1, '2019-09-30 23:26:52', 0, NULL),
(1053, 1, 1, 2, '', '', 1, '2019-09-30 23:26:52', 0, NULL),
(1054, 1, 1, 2, '', '', 1, '2019-09-30 23:26:52', 0, NULL),
(1055, 1, 1, 2, '', '', 1, '2019-09-30 23:26:52', 0, NULL),
(1056, 1, 1, 2, '', '', 1, '2019-09-30 23:26:52', 0, NULL),
(1057, 1, 1, 2, '', '', 1, '2019-09-30 23:26:52', 0, NULL),
(1058, 1, 1, 2, '', '', 1, '2019-09-30 23:26:52', 0, NULL),
(1059, 1, 1, 2, '', '', 1, '2019-09-30 23:26:52', 0, NULL),
(1060, 1, 1, 2, '', '', 1, '2019-09-30 23:26:52', 0, NULL),
(1061, 1, 1, 2, '', '', 1, '2019-09-30 23:26:52', 0, NULL),
(1062, 1, 1, 2, '', '', 1, '2019-09-30 23:26:52', 0, NULL),
(1063, 1, 1, 2, '', '', 1, '2019-09-30 23:26:52', 0, NULL),
(1064, 1, 1, 2, '', '', 1, '2019-09-30 23:26:52', 0, NULL),
(1065, 1, 1, 2, '', '', 1, '2019-09-30 23:26:52', 0, NULL),
(1066, 1, 1, 2, '', '', 1, '2019-09-30 23:26:52', 0, NULL),
(1067, 1, 1, 2, '', '', 1, '2019-09-30 23:26:52', 0, NULL),
(1068, 1, 1, 2, '', '', 1, '2019-09-30 23:26:52', 0, NULL),
(1069, 1, 1, 2, '', '', 1, '2019-09-30 23:26:52', 0, NULL),
(1070, 1, 1, 2, '', '', 1, '2019-09-30 23:26:52', 0, NULL),
(1071, 1, 1, 2, '', '', 1, '2019-09-30 23:26:52', 0, NULL),
(1072, 1, 1, 2, '', '', 1, '2019-09-30 23:26:52', 0, NULL),
(1073, 1, 1, 2, '', '', 1, '2019-09-30 23:26:52', 0, NULL),
(1074, 1, 1, 2, '', '', 1, '2019-09-30 23:26:52', 0, NULL),
(1075, 1, 1, 2, '', '', 1, '2019-09-30 23:26:52', 0, NULL),
(1076, 1, 1, 2, '', '', 1, '2019-09-30 23:26:52', 0, NULL),
(1077, 1, 1, 2, '', '', 1, '2019-09-30 23:26:52', 0, NULL),
(1078, 1, 1, 2, '', '', 1, '2019-09-30 23:26:52', 0, NULL),
(1079, 1, 1, 2, '', '', 1, '2019-09-30 23:26:52', 0, NULL),
(1080, 1, 1, 2, '', '', 1, '2019-09-30 23:26:52', 0, NULL),
(1081, 1, 1, 2, '', '', 1, '2019-09-30 23:26:52', 0, NULL),
(1082, 1, 1, 2, '', '', 1, '2019-09-30 23:26:52', 0, NULL),
(1083, 1, 1, 2, '', '', 1, '2019-09-30 23:26:52', 0, NULL),
(1084, 1, 1, 2, '', '', 1, '2019-09-30 23:26:52', 0, NULL),
(1085, 1, 1, 2, '', '', 1, '2019-09-30 23:26:52', 0, NULL),
(1086, 1, 1, 2, '', '', 1, '2019-09-30 23:26:52', 0, NULL),
(1087, 1, 1, 2, '', '', 1, '2019-09-30 23:26:52', 0, NULL),
(1088, 1, 1, 2, '', '', 1, '2019-09-30 23:26:52', 0, NULL),
(1089, 1, 1, 2, '', '', 1, '2019-09-30 23:26:52', 0, NULL),
(1090, 1, 1, 2, '', '', 1, '2019-09-30 23:26:52', 0, NULL),
(1091, 1, 1, 2, '', '', 1, '2019-09-30 23:26:52', 0, NULL),
(1092, 1, 1, 2, '', '', 1, '2019-09-30 23:26:52', 0, NULL),
(1093, 1, 1, 2, '', '', 1, '2019-09-30 23:26:52', 0, NULL),
(1094, 1, 1, 2, '', '', 1, '2019-09-30 23:26:52', 0, NULL),
(1095, 1, 1, 2, '', '', 1, '2019-09-30 23:26:52', 0, NULL),
(1096, 1, 1, 2, '', '', 1, '2019-09-30 23:26:52', 0, NULL),
(1097, 1, 1, 2, '', '', 1, '2019-09-30 23:26:52', 0, NULL),
(1098, 1, 1, 2, '', '', 1, '2019-09-30 23:26:52', 0, NULL),
(1099, 1, 1, 2, '', '', 1, '2019-09-30 23:26:52', 0, NULL),
(1100, 1, 1, 2, '', '', 1, '2019-09-30 23:26:52', 0, NULL),
(1101, 1, 1, 2, '', '', 1, '2019-09-30 23:26:52', 0, NULL),
(1102, 1, 1, 2, '', '', 1, '2019-09-30 23:26:52', 0, NULL),
(1103, 1, 1, 2, '', '', 1, '2019-09-30 23:26:52', 0, NULL),
(1104, 1, 1, 2, '', '', 1, '2019-09-30 23:26:52', 0, NULL),
(1105, 1, 1, 2, '', '', 1, '2019-09-30 23:26:52', 0, NULL),
(1106, 1, 1, 2, '', '', 1, '2019-09-30 23:26:52', 0, NULL),
(1107, 1, 1, 2, '', '', 1, '2019-09-30 23:26:52', 0, NULL),
(1108, 1, 1, 2, '', '', 1, '2019-09-30 23:26:52', 0, NULL),
(1109, 1, 1, 2, '', '', 1, '2019-09-30 23:26:52', 0, NULL),
(1110, 1, 1, 2, '', '', 1, '2019-09-30 23:26:52', 0, NULL),
(1111, 1, 1, 2, '', '', 1, '2019-09-30 23:26:52', 0, NULL),
(1112, 1, 1, 2, '', '', 1, '2019-09-30 23:26:52', 0, NULL),
(1113, 1, 1, 2, '', '', 1, '2019-09-30 23:26:52', 0, NULL),
(1114, 1, 1, 2, '', '', 1, '2019-09-30 23:26:52', 0, NULL),
(1115, 1, 1, 2, '', '', 1, '2019-09-30 23:26:52', 0, NULL),
(1116, 1, 1, 2, '', '', 1, '2019-09-30 23:26:52', 0, NULL),
(1117, 1, 1, 2, '', '', 1, '2019-09-30 23:26:52', 0, NULL),
(1118, 1, 1, 2, '', '', 1, '2019-09-30 23:26:52', 0, NULL),
(1119, 1, 1, 2, '', '', 1, '2019-09-30 23:26:52', 0, NULL),
(1120, 1, 1, 2, '', '', 1, '2019-09-30 23:26:52', 0, NULL),
(1121, 1, 1, 2, '', '', 1, '2019-09-30 23:26:52', 0, NULL),
(1122, 1, 1, 2, '', '', 1, '2019-09-30 23:26:52', 0, NULL),
(1123, 1, 1, 2, '', '', 1, '2019-09-30 23:26:52', 0, NULL),
(1124, 1, 1, 2, '', '', 1, '2019-09-30 23:26:52', 0, NULL),
(1125, 1, 1, 2, '', '', 1, '2019-09-30 23:26:52', 0, NULL),
(1126, 1, 1, 2, '', '', 1, '2019-09-30 23:26:52', 0, NULL),
(1127, 1, 1, 2, '', '', 1, '2019-09-30 23:26:52', 0, NULL),
(1128, 1, 1, 2, '', '', 1, '2019-09-30 23:26:52', 0, NULL),
(1129, 1, 1, 2, '', '', 1, '2019-09-30 23:26:52', 0, NULL),
(1130, 1, 1, 2, '', '', 1, '2019-09-30 23:26:52', 0, NULL),
(1131, 1, 1, 2, '', '', 1, '2019-09-30 23:26:52', 0, NULL),
(1132, 1, 1, 2, '', '', 1, '2019-09-30 23:26:52', 0, NULL),
(1133, 1, 1, 2, '', '', 1, '2019-09-30 23:26:52', 0, NULL),
(1134, 1, 1, 2, '', '', 1, '2019-09-30 23:26:52', 0, NULL),
(1135, 1, 1, 2, '', '', 1, '2019-09-30 23:26:52', 0, NULL),
(1136, 1, 1, 2, '', '', 1, '2019-09-30 23:26:52', 0, NULL),
(1137, 1, 1, 2, '', '', 1, '2019-09-30 23:26:52', 0, NULL),
(1138, 1, 1, 2, '', '', 1, '2019-09-30 23:26:52', 0, NULL),
(1139, 1, 1, 2, '', '', 1, '2019-09-30 23:26:52', 0, NULL),
(1140, 1, 1, 2, '', '', 1, '2019-09-30 23:26:52', 0, NULL),
(1141, 1, 1, 2, '', '', 1, '2019-09-30 23:26:52', 0, NULL),
(1142, 1, 1, 2, '', '', 1, '2019-09-30 23:26:52', 0, NULL),
(1143, 1, 1, 2, '', '', 1, '2019-09-30 23:26:52', 0, NULL),
(1144, 1, 1, 2, '', '', 1, '2019-09-30 23:26:52', 0, NULL),
(1145, 1, 1, 2, '', '', 1, '2019-09-30 23:26:52', 0, NULL),
(1146, 1, 1, 2, '', '', 1, '2019-09-30 23:26:52', 0, NULL),
(1147, 1, 1, 2, '', '', 1, '2019-09-30 23:26:52', 0, NULL),
(1148, 1, 1, 2, '', '', 1, '2019-09-30 23:26:52', 0, NULL),
(1149, 1, 1, 2, '', '', 1, '2019-09-30 23:26:52', 0, NULL),
(1150, 1, 1, 2, '', '', 1, '2019-09-30 23:26:52', 0, NULL),
(1151, 1, 1, 2, '', '', 1, '2019-09-30 23:26:52', 0, NULL),
(1152, 1, 1, 2, '', '', 1, '2019-09-30 23:26:52', 0, NULL),
(1153, 1, 1, 2, '', '', 1, '2019-09-30 23:26:52', 0, NULL),
(1154, 1, 1, 2, '', '', 1, '2019-09-30 23:26:52', 0, NULL),
(1155, 1, 1, 2, '', '', 1, '2019-09-30 23:26:52', 0, NULL),
(1156, 1, 1, 2, '', '', 1, '2019-09-30 23:26:52', 0, NULL),
(1157, 1, 1, 2, '', '', 1, '2019-09-30 23:26:52', 0, NULL),
(1158, 1, 1, 2, '', '', 1, '2019-09-30 23:26:52', 0, NULL),
(1159, 1, 1, 2, '', '', 1, '2019-09-30 23:26:52', 0, NULL),
(1160, 1, 1, 2, '', '', 1, '2019-09-30 23:26:52', 0, NULL),
(1161, 1, 1, 2, '', '', 1, '2019-09-30 23:26:52', 0, NULL),
(1162, 1, 1, 2, '', '', 1, '2019-09-30 23:26:52', 0, NULL),
(1163, 1, 1, 2, '', '', 1, '2019-09-30 23:26:52', 0, NULL),
(1164, 1, 1, 2, '', '', 1, '2019-09-30 23:26:52', 0, NULL),
(1165, 1, 1, 2, '', '', 1, '2019-09-30 23:26:52', 0, NULL),
(1166, 1, 1, 2, '', '', 1, '2019-09-30 23:26:52', 0, NULL),
(1167, 1, 1, 2, '', '', 1, '2019-09-30 23:26:52', 0, NULL),
(1168, 1, 1, 2, '', '', 1, '2019-09-30 23:26:52', 0, NULL),
(1169, 1, 1, 2, '', '', 1, '2019-09-30 23:26:52', 0, NULL),
(1170, 1, 1, 2, '', '', 1, '2019-09-30 23:26:52', 0, NULL),
(1171, 1, 1, 2, '', '', 1, '2019-09-30 23:26:52', 0, NULL),
(1172, 1, 1, 2, '', '', 1, '2019-09-30 23:26:52', 0, NULL),
(1173, 1, 1, 2, '', '', 1, '2019-09-30 23:26:52', 0, NULL),
(1174, 1, 1, 2, '', '', 1, '2019-09-30 23:26:52', 0, NULL),
(1175, 1, 1, 2, '', '', 1, '2019-09-30 23:26:52', 0, NULL),
(1176, 1, 1, 2, '', '', 1, '2019-09-30 23:26:52', 0, NULL),
(1177, 1, 1, 2, '', '', 1, '2019-09-30 23:26:52', 0, NULL),
(1178, 1, 1, 2, '', '', 1, '2019-09-30 23:26:52', 0, NULL),
(1179, 1, 1, 2, '', '', 1, '2019-09-30 23:26:52', 0, NULL),
(1180, 1, 1, 2, '', '', 1, '2019-09-30 23:26:52', 0, NULL),
(1181, 1, 1, 2, '', '', 1, '2019-09-30 23:26:52', 0, NULL),
(1182, 1, 1, 2, '', '', 1, '2019-09-30 23:26:52', 0, NULL),
(1183, 1, 1, 2, '', '', 1, '2019-09-30 23:26:52', 0, NULL),
(1184, 1, 1, 2, '', '', 1, '2019-09-30 23:26:52', 0, NULL),
(1185, 1, 1, 2, '', '', 1, '2019-09-30 23:26:52', 0, NULL),
(1186, 1, 1, 2, '', '', 1, '2019-09-30 23:26:52', 0, NULL),
(1187, 1, 1, 2, '', '', 1, '2019-09-30 23:26:52', 0, NULL),
(1188, 1, 1, 2, '', '', 1, '2019-09-30 23:26:52', 0, NULL),
(1189, 1, 1, 2, '', '', 1, '2019-09-30 23:26:52', 0, NULL),
(1190, 1, 1, 2, '', '', 1, '2019-09-30 23:26:52', 0, NULL),
(1191, 1, 1, 2, '', '', 1, '2019-09-30 23:26:52', 0, NULL),
(1192, 1, 1, 2, '', '', 1, '2019-09-30 23:26:52', 0, NULL),
(1193, 1, 1, 2, '', '', 1, '2019-09-30 23:26:52', 0, NULL),
(1194, 1, 1, 2, '', '', 1, '2019-09-30 23:26:52', 0, NULL),
(1195, 1, 1, 2, '', '', 1, '2019-09-30 23:26:52', 0, NULL),
(1196, 1, 1, 2, '', '', 1, '2019-09-30 23:26:52', 0, NULL),
(1197, 1, 1, 2, '', '', 1, '2019-09-30 23:26:52', 0, NULL),
(1198, 1, 1, 2, '', '', 1, '2019-09-30 23:26:52', 0, NULL),
(1199, 1, 1, 2, '', '', 1, '2019-09-30 23:26:52', 0, NULL),
(1200, 1, 1, 2, '', '', 1, '2019-09-30 23:26:52', 0, NULL),
(1201, 1, 1, 2, '', '', 1, '2019-09-30 23:26:52', 0, NULL),
(1202, 1, 1, 2, '', '', 1, '2019-09-30 23:26:52', 0, NULL),
(1203, 1, 1, 2, '', '', 1, '2019-09-30 23:26:52', 0, NULL),
(1204, 1, 1, 2, '', '', 1, '2019-09-30 23:26:52', 0, NULL),
(1205, 1, 1, 2, '', '', 1, '2019-09-30 23:26:52', 0, NULL),
(1206, 1, 1, 2, '', '', 1, '2019-09-30 23:26:52', 0, NULL),
(1207, 1, 1, 2, '', '', 1, '2019-09-30 23:26:52', 0, NULL),
(1208, 1, 1, 2, '', '', 1, '2019-09-30 23:26:52', 0, NULL),
(1209, 1, 1, 2, '', '', 1, '2019-09-30 23:26:52', 0, NULL),
(1210, 1, 1, 2, '', '', 1, '2019-09-30 23:26:52', 0, NULL),
(1211, 1, 1, 2, '', '', 1, '2019-09-30 23:26:52', 0, NULL),
(1212, 1, 1, 2, '', '', 1, '2019-09-30 23:26:52', 0, NULL),
(1213, 1, 1, 2, '', '', 1, '2019-09-30 23:26:52', 0, NULL),
(1214, 1, 1, 2, '', '', 1, '2019-09-30 23:26:52', 0, NULL),
(1215, 1, 1, 2, '', '', 1, '2019-09-30 23:26:52', 0, NULL),
(1216, 1, 1, 2, '', '', 1, '2019-09-30 23:26:52', 0, NULL),
(1217, 1, 1, 2, '', '', 1, '2019-09-30 23:26:52', 0, NULL),
(1218, 1, 1, 2, '', '', 1, '2019-09-30 23:26:52', 0, NULL),
(1219, 1, 1, 2, '', '', 1, '2019-09-30 23:26:52', 0, NULL),
(1220, 1, 1, 2, '', '', 1, '2019-09-30 23:26:52', 0, NULL),
(1221, 1, 1, 2, '', '', 1, '2019-09-30 23:26:52', 0, NULL),
(1222, 1, 1, 2, '', '', 1, '2019-09-30 23:26:52', 0, NULL),
(1223, 1, 1, 2, '', '', 1, '2019-09-30 23:26:52', 0, NULL),
(1224, 1, 1, 2, '', '', 1, '2019-09-30 23:26:52', 0, NULL),
(1225, 1, 1, 2, '', '', 1, '2019-09-30 23:26:52', 0, NULL),
(1226, 1, 1, 2, '', '', 1, '2019-09-30 23:26:52', 0, NULL),
(1227, 1, 1, 2, '', '', 1, '2019-09-30 23:26:52', 0, NULL),
(1228, 1, 1, 2, '', '', 1, '2019-09-30 23:26:52', 0, NULL),
(1229, 1, 1, 2, '', '', 1, '2019-09-30 23:26:52', 0, NULL),
(1230, 1, 1, 2, '', '', 1, '2019-09-30 23:26:52', 0, NULL),
(1231, 1, 1, 2, '', '', 1, '2019-09-30 23:26:52', 0, NULL),
(1232, 1, 1, 2, '', '', 1, '2019-09-30 23:26:52', 0, NULL),
(1233, 1, 1, 2, '', '', 1, '2019-09-30 23:26:52', 0, NULL),
(1234, 1, 1, 2, '', '', 1, '2019-09-30 23:26:52', 0, NULL),
(1235, 1, 1, 2, '', '', 1, '2019-09-30 23:26:52', 0, NULL),
(1236, 1, 1, 2, '', '', 1, '2019-09-30 23:26:52', 0, NULL),
(1237, 1, 1, 2, '', '', 1, '2019-09-30 23:26:52', 0, NULL),
(1238, 1, 1, 2, '', '', 1, '2019-09-30 23:26:52', 0, NULL),
(1239, 1, 1, 2, '', '', 1, '2019-09-30 23:26:52', 0, NULL),
(1240, 1, 1, 2, '', '', 1, '2019-09-30 23:26:52', 0, NULL),
(1241, 1, 1, 2, '', '', 1, '2019-09-30 23:26:52', 0, NULL),
(1242, 1, 1, 2, '', '', 1, '2019-09-30 23:26:52', 0, NULL),
(1243, 1, 1, 2, '', '', 1, '2019-09-30 23:26:52', 0, NULL),
(1244, 1, 1, 2, '', '', 1, '2019-09-30 23:26:52', 0, NULL),
(1245, 1, 1, 2, '', '', 1, '2019-09-30 23:26:52', 0, NULL),
(1246, 1, 1, 2, '', '', 1, '2019-09-30 23:26:52', 0, NULL),
(1247, 1, 1, 2, '', '', 1, '2019-09-30 23:26:52', 0, NULL),
(1248, 1, 1, 2, '', '', 1, '2019-09-30 23:26:52', 0, NULL),
(1249, 1, 1, 2, '', '', 1, '2019-09-30 23:26:52', 0, NULL),
(1250, 1, 1, 2, '', '', 1, '2019-09-30 23:26:52', 0, NULL),
(1251, 1, 1, 2, '', '', 1, '2019-09-30 23:26:52', 0, NULL),
(1252, 1, 1, 2, '', '', 1, '2019-09-30 23:26:52', 0, NULL),
(1253, 1, 1, 2, '', '', 1, '2019-09-30 23:26:52', 0, NULL),
(1254, 1, 1, 2, '', '', 1, '2019-09-30 23:26:52', 0, NULL),
(1255, 1, 1, 2, '', '', 1, '2019-09-30 23:26:52', 0, NULL),
(1256, 1, 1, 2, '', '', 1, '2019-09-30 23:26:52', 0, NULL),
(1257, 1, 1, 2, '', '', 1, '2019-09-30 23:26:52', 0, NULL),
(1258, 1, 1, 2, '', '', 1, '2019-09-30 23:26:52', 0, NULL),
(1259, 1, 1, 2, '', '', 1, '2019-09-30 23:26:52', 0, NULL),
(1260, 1, 1, 2, '', '', 1, '2019-09-30 23:26:52', 0, NULL),
(1261, 1, 1, 2, '', '', 1, '2019-09-30 23:26:52', 0, NULL),
(1262, 1, 1, 2, '', '', 1, '2019-09-30 23:26:52', 0, NULL),
(1263, 1, 1, 2, '', '', 1, '2019-09-30 23:26:52', 0, NULL),
(1264, 1, 1, 2, '', '', 1, '2019-09-30 23:26:52', 0, NULL),
(1265, 1, 1, 2, '', '', 1, '2019-09-30 23:26:52', 0, NULL),
(1266, 1, 1, 2, '', '', 1, '2019-09-30 23:26:52', 0, NULL),
(1267, 1, 1, 2, '', '', 1, '2019-09-30 23:26:52', 0, NULL),
(1268, 1, 1, 2, '', '', 1, '2019-09-30 23:26:52', 0, NULL),
(1269, 1, 1, 2, '', '', 1, '2019-09-30 23:26:52', 0, NULL),
(1270, 1, 1, 2, '', '', 1, '2019-09-30 23:26:52', 0, NULL),
(1271, 1, 1, 2, '', '', 1, '2019-09-30 23:26:52', 0, NULL),
(1272, 1, 1, 2, '', '', 1, '2019-09-30 23:26:52', 0, NULL),
(1273, 1, 1, 2, '', '', 1, '2019-09-30 23:26:52', 0, NULL),
(1274, 1, 1, 2, '', '', 1, '2019-09-30 23:26:52', 0, NULL),
(1275, 1, 1, 2, '', '', 1, '2019-09-30 23:26:52', 0, NULL),
(1276, 1, 1, 2, '', '', 1, '2019-09-30 23:26:52', 0, NULL),
(1277, 1, 1, 2, '', '', 1, '2019-09-30 23:26:52', 0, NULL),
(1278, 1, 1, 2, '', '', 1, '2019-09-30 23:26:52', 0, NULL),
(1279, 1, 1, 2, '', '', 1, '2019-09-30 23:26:52', 0, NULL),
(1280, 1, 1, 2, '', '', 1, '2019-09-30 23:26:52', 0, NULL),
(1281, 1, 1, 2, '', '', 1, '2019-09-30 23:26:52', 0, NULL),
(1282, 1, 1, 2, '', '', 1, '2019-09-30 23:26:52', 0, NULL),
(1283, 1, 1, 2, '', '', 1, '2019-09-30 23:26:52', 0, NULL),
(1284, 1, 1, 2, '', '', 1, '2019-09-30 23:26:52', 0, NULL),
(1285, 1, 1, 2, '', '', 1, '2019-09-30 23:26:52', 0, NULL),
(1286, 1, 1, 2, '', '', 1, '2019-09-30 23:26:52', 0, NULL),
(1287, 1, 1, 2, '', '', 1, '2019-09-30 23:26:52', 0, NULL),
(1288, 1, 1, 2, '', '', 1, '2019-09-30 23:26:52', 0, NULL),
(1289, 1, 1, 2, '', '', 1, '2019-09-30 23:26:52', 0, NULL),
(1290, 1, 1, 2, '', '', 1, '2019-09-30 23:26:52', 0, NULL),
(1291, 1, 1, 2, '', '', 1, '2019-09-30 23:26:52', 0, NULL),
(1292, 1, 1, 2, '', '', 1, '2019-09-30 23:26:52', 0, NULL),
(1293, 1, 1, 2, '', '', 1, '2019-09-30 23:26:52', 0, NULL),
(1294, 1, 1, 2, '', '', 1, '2019-09-30 23:26:52', 0, NULL),
(1295, 1, 1, 2, '', '', 1, '2019-09-30 23:26:52', 0, NULL),
(1296, 1, 1, 2, '', '', 1, '2019-09-30 23:26:52', 0, NULL),
(1297, 1, 1, 2, '', '', 1, '2019-09-30 23:26:52', 0, NULL),
(1298, 1, 1, 2, '', '', 1, '2019-09-30 23:26:52', 0, NULL),
(1299, 1, 1, 2, '', '', 1, '2019-09-30 23:26:52', 0, NULL),
(1300, 1, 1, 2, '', '', 1, '2019-09-30 23:26:52', 0, NULL),
(1301, 1, 1, 2, '', '', 1, '2019-09-30 23:26:52', 0, NULL),
(1302, 1, 1, 2, '', '', 1, '2019-09-30 23:26:52', 0, NULL),
(1303, 1, 1, 2, '', '', 1, '2019-09-30 23:26:52', 0, NULL),
(1304, 1, 1, 2, '', '', 1, '2019-09-30 23:26:52', 0, NULL),
(1305, 1, 1, 2, '', '', 1, '2019-09-30 23:26:52', 0, NULL),
(1306, 1, 1, 2, '', '', 1, '2019-09-30 23:26:52', 0, NULL),
(1307, 1, 1, 2, '', '', 1, '2019-09-30 23:26:52', 0, NULL),
(1308, 1, 1, 2, '', '', 1, '2019-09-30 23:26:52', 0, NULL),
(1309, 1, 1, 2, '', '', 1, '2019-09-30 23:26:52', 0, NULL),
(1310, 1, 1, 2, '', '', 1, '2019-09-30 23:26:52', 0, NULL),
(1311, 1, 1, 2, '', '', 1, '2019-09-30 23:26:52', 0, NULL),
(1312, 1, 1, 2, '', '', 1, '2019-09-30 23:26:52', 0, NULL),
(1313, 1, 1, 2, '', '', 1, '2019-09-30 23:26:52', 0, NULL),
(1314, 1, 1, 2, '', '', 1, '2019-09-30 23:26:52', 0, NULL),
(1315, 1, 1, 2, '', '', 1, '2019-09-30 23:26:52', 0, NULL),
(1316, 1, 1, 2, '', '', 1, '2019-09-30 23:26:52', 0, NULL),
(1317, 1, 1, 2, '', '', 1, '2019-09-30 23:26:52', 0, NULL),
(1318, 1, 1, 2, '', '', 1, '2019-09-30 23:26:52', 0, NULL),
(1319, 1, 1, 2, '', '', 1, '2019-09-30 23:26:52', 0, NULL),
(1320, 1, 1, 2, '', '', 1, '2019-09-30 23:26:52', 0, NULL),
(1321, 1, 1, 2, '', '', 1, '2019-09-30 23:26:52', 0, NULL),
(1322, 1, 1, 2, '', '', 1, '2019-09-30 23:26:52', 0, NULL),
(1323, 1, 1, 2, '', '', 1, '2019-09-30 23:26:52', 0, NULL),
(1324, 1, 1, 2, '', '', 1, '2019-09-30 23:26:52', 0, NULL),
(1325, 1, 1, 2, '', '', 1, '2019-09-30 23:26:52', 0, NULL),
(1326, 1, 1, 2, '', '', 1, '2019-09-30 23:26:52', 0, NULL),
(1327, 1, 1, 2, '', '', 1, '2019-09-30 23:26:52', 0, NULL),
(1328, 1, 1, 2, '', '', 1, '2019-09-30 23:26:52', 0, NULL),
(1329, 1, 1, 2, '', '', 1, '2019-09-30 23:26:52', 0, NULL),
(1330, 1, 1, 2, '', '', 1, '2019-09-30 23:26:52', 0, NULL),
(1331, 1, 1, 2, '', '', 1, '2019-09-30 23:26:52', 0, NULL),
(1332, 1, 1, 2, '', '', 1, '2019-09-30 23:26:52', 0, NULL),
(1333, 1, 1, 2, '', '', 1, '2019-09-30 23:26:52', 0, NULL),
(1334, 1, 1, 2, '', '', 1, '2019-09-30 23:26:52', 0, NULL),
(1335, 1, 1, 2, '', '', 1, '2019-09-30 23:26:52', 0, NULL),
(1336, 1, 1, 2, '', '', 1, '2019-09-30 23:26:52', 0, NULL),
(1337, 1, 1, 2, '', '', 1, '2019-09-30 23:26:52', 0, NULL),
(1338, 1, 1, 2, '', '', 1, '2019-09-30 23:26:52', 0, NULL),
(1339, 1, 1, 2, '', '', 1, '2019-09-30 23:26:52', 0, NULL),
(1340, 1, 1, 2, '', '', 1, '2019-09-30 23:26:52', 0, NULL),
(1341, 1, 1, 2, '', '', 1, '2019-09-30 23:26:52', 0, NULL),
(1342, 1, 1, 2, '', '', 1, '2019-09-30 23:26:52', 0, NULL),
(1343, 1, 1, 2, '', '', 1, '2019-09-30 23:26:52', 0, NULL),
(1344, 1, 1, 2, '', '', 1, '2019-09-30 23:26:52', 0, NULL),
(1345, 1, 1, 2, '', '', 1, '2019-09-30 23:26:52', 0, NULL),
(1346, 1, 1, 2, '', '', 1, '2019-09-30 23:26:52', 0, NULL),
(1347, 1, 1, 2, '', '', 1, '2019-09-30 23:26:52', 0, NULL),
(1348, 1, 1, 2, '', '', 1, '2019-09-30 23:26:52', 0, NULL),
(1349, 1, 1, 2, '', '', 1, '2019-09-30 23:26:52', 0, NULL),
(1350, 1, 1, 2, '', '', 1, '2019-09-30 23:26:52', 0, NULL),
(1351, 1, 1, 2, '', '', 1, '2019-09-30 23:26:52', 0, NULL),
(1352, 1, 1, 2, '', '', 1, '2019-09-30 23:26:52', 0, NULL),
(1353, 1, 1, 2, '', '', 1, '2019-09-30 23:26:52', 0, NULL),
(1354, 1, 1, 2, '', '', 1, '2019-09-30 23:26:52', 0, NULL),
(1355, 1, 1, 2, '', '', 1, '2019-09-30 23:26:52', 0, NULL),
(1356, 1, 1, 2, '', '', 1, '2019-09-30 23:26:52', 0, NULL),
(1357, 1, 1, 2, '', '', 1, '2019-09-30 23:26:52', 0, NULL),
(1358, 1, 1, 2, '', '', 1, '2019-09-30 23:26:52', 0, NULL),
(1359, 1, 1, 2, '', '', 1, '2019-09-30 23:26:52', 0, NULL),
(1360, 1, 1, 2, '', '', 1, '2019-09-30 23:26:52', 0, NULL),
(1361, 1, 1, 2, '', '', 1, '2019-09-30 23:26:52', 0, NULL),
(1362, 1, 1, 2, '', '', 1, '2019-09-30 23:26:52', 0, NULL),
(1363, 1, 1, 2, '', '', 1, '2019-09-30 23:26:52', 0, NULL),
(1364, 1, 1, 2, '', '', 1, '2019-09-30 23:26:52', 0, NULL),
(1365, 1, 1, 2, '', '', 1, '2019-09-30 23:26:52', 0, NULL),
(1366, 1, 1, 2, '', '', 1, '2019-09-30 23:26:52', 0, NULL),
(1367, 1, 1, 2, '', '', 1, '2019-09-30 23:26:52', 0, NULL),
(1368, 1, 1, 2, '', '', 1, '2019-09-30 23:26:52', 0, NULL),
(1369, 1, 1, 2, '', '', 1, '2019-09-30 23:26:52', 0, NULL),
(1370, 1, 1, 2, '', '', 1, '2019-09-30 23:26:52', 0, NULL),
(1371, 1, 1, 2, '', '', 1, '2019-09-30 23:26:52', 0, NULL),
(1372, 1, 1, 2, '', '', 1, '2019-09-30 23:26:52', 0, NULL),
(1373, 1, 1, 2, '', '', 1, '2019-09-30 23:26:52', 0, NULL),
(1374, 1, 1, 2, '', '', 1, '2019-09-30 23:26:52', 0, NULL),
(1375, 1, 1, 2, '', '', 1, '2019-09-30 23:26:52', 0, NULL),
(1376, 1, 1, 2, '', '', 1, '2019-09-30 23:26:52', 0, NULL),
(1377, 1, 1, 2, '', '', 1, '2019-09-30 23:26:52', 0, NULL),
(1378, 1, 1, 2, '', '', 1, '2019-09-30 23:26:52', 0, NULL),
(1379, 1, 1, 2, '', '', 1, '2019-09-30 23:26:52', 0, NULL),
(1380, 1, 1, 2, '', '', 1, '2019-09-30 23:26:52', 0, NULL),
(1381, 1, 1, 2, '', '', 1, '2019-09-30 23:26:52', 0, NULL),
(1382, 1, 1, 2, '', '', 1, '2019-09-30 23:26:52', 0, NULL),
(1383, 1, 1, 2, '', '', 1, '2019-09-30 23:26:52', 0, NULL),
(1384, 1, 1, 2, '', '', 1, '2019-09-30 23:26:52', 0, NULL),
(1385, 1, 1, 2, '', '', 1, '2019-09-30 23:26:52', 0, NULL),
(1386, 1, 1, 2, '', '', 1, '2019-09-30 23:26:52', 0, NULL),
(1387, 1, 1, 2, '', '', 1, '2019-09-30 23:26:52', 0, NULL),
(1388, 1, 1, 2, '', '', 1, '2019-09-30 23:26:52', 0, NULL),
(1389, 1, 1, 2, '', '', 1, '2019-09-30 23:26:52', 0, NULL),
(1390, 1, 1, 2, '', '', 1, '2019-09-30 23:26:52', 0, NULL),
(1391, 1, 1, 2, '', '', 1, '2019-09-30 23:26:52', 0, NULL),
(1392, 1, 1, 2, '', '', 1, '2019-09-30 23:26:52', 0, NULL),
(1393, 1, 1, 2, '', '', 1, '2019-09-30 23:26:52', 0, NULL),
(1394, 1, 1, 2, '', '', 1, '2019-09-30 23:26:52', 0, NULL),
(1395, 1, 1, 2, '', '', 1, '2019-09-30 23:26:52', 0, NULL),
(1396, 1, 1, 2, '', '', 1, '2019-09-30 23:26:52', 0, NULL),
(1397, 1, 1, 2, '', '', 1, '2019-09-30 23:26:52', 0, NULL),
(1398, 1, 1, 2, '', '', 1, '2019-09-30 23:26:52', 0, NULL),
(1399, 1, 1, 2, '', '', 1, '2019-09-30 23:26:52', 0, NULL),
(1400, 1, 1, 2, '', '', 1, '2019-09-30 23:26:52', 0, NULL),
(1401, 1, 1, 2, '', '', 1, '2019-09-30 23:26:52', 0, NULL),
(1402, 1, 1, 2, '', '', 1, '2019-09-30 23:26:52', 0, NULL),
(1403, 1, 1, 2, '', '', 1, '2019-09-30 23:26:52', 0, NULL),
(1404, 1, 1, 2, '', '', 1, '2019-09-30 23:26:52', 0, NULL),
(1405, 1, 1, 2, '', '', 1, '2019-09-30 23:26:52', 0, NULL),
(1406, 1, 1, 2, '', '', 1, '2019-09-30 23:26:52', 0, NULL),
(1407, 1, 1, 2, '', '', 1, '2019-09-30 23:26:52', 0, NULL),
(1408, 1, 1, 2, '', '', 1, '2019-09-30 23:26:52', 0, NULL),
(1409, 1, 1, 2, '', '', 1, '2019-09-30 23:26:52', 0, NULL),
(1410, 1, 1, 2, '', '', 1, '2019-09-30 23:26:52', 0, NULL),
(1411, 1, 1, 2, '', '', 1, '2019-09-30 23:26:52', 0, NULL),
(1412, 1, 1, 2, '', '', 1, '2019-09-30 23:26:52', 0, NULL),
(1413, 1, 1, 2, '', '', 1, '2019-09-30 23:26:52', 0, NULL),
(1414, 1, 1, 2, '', '', 1, '2019-09-30 23:26:52', 0, NULL),
(1415, 1, 1, 2, '', '', 1, '2019-09-30 23:26:52', 0, NULL),
(1416, 1, 1, 2, '', '', 1, '2019-09-30 23:26:52', 0, NULL),
(1417, 1, 1, 2, '', '', 1, '2019-09-30 23:26:52', 0, NULL),
(1418, 1, 1, 2, '', '', 1, '2019-09-30 23:26:52', 0, NULL),
(1419, 1, 1, 2, '', '', 1, '2019-09-30 23:26:52', 0, NULL),
(1420, 1, 1, 2, '', '', 1, '2019-09-30 23:26:52', 0, NULL),
(1421, 1, 1, 2, '', '', 1, '2019-09-30 23:26:52', 0, NULL),
(1422, 1, 1, 2, '', '', 1, '2019-09-30 23:26:52', 0, NULL),
(1423, 1, 1, 2, '', '', 1, '2019-09-30 23:26:52', 0, NULL),
(1424, 1, 1, 2, '', '', 1, '2019-09-30 23:26:52', 0, NULL),
(1425, 1, 1, 2, '', '', 1, '2019-09-30 23:26:52', 0, NULL),
(1426, 1, 1, 2, '', '', 1, '2019-09-30 23:26:52', 0, NULL),
(1427, 1, 1, 2, '', '', 1, '2019-09-30 23:26:52', 0, NULL),
(1428, 1, 1, 2, '', '', 1, '2019-09-30 23:26:52', 0, NULL),
(1429, 1, 1, 2, '', '', 1, '2019-09-30 23:26:52', 0, NULL),
(1430, 1, 1, 2, '', '', 1, '2019-09-30 23:26:52', 0, NULL),
(1431, 1, 1, 2, '', '', 1, '2019-09-30 23:26:52', 0, NULL),
(1432, 1, 1, 2, '', '', 1, '2019-09-30 23:26:52', 0, NULL),
(1433, 1, 1, 2, '', '', 1, '2019-09-30 23:26:52', 0, NULL),
(1434, 1, 1, 2, '', '', 1, '2019-09-30 23:26:52', 0, NULL),
(1435, 1, 1, 2, '', '', 1, '2019-09-30 23:26:52', 0, NULL),
(1436, 1, 1, 2, '', '', 1, '2019-09-30 23:26:52', 0, NULL),
(1437, 1, 1, 2, '', '', 1, '2019-09-30 23:26:52', 0, NULL),
(1438, 1, 1, 2, '', '', 1, '2019-09-30 23:26:52', 0, NULL),
(1439, 1, 1, 2, '', '', 1, '2019-09-30 23:26:52', 0, NULL),
(1440, 1, 1, 2, '', '', 1, '2019-09-30 23:26:52', 0, NULL),
(1441, 1, 1, 2, '', '', 1, '2019-09-30 23:26:52', 0, NULL),
(1442, 1, 1, 2, '', '', 1, '2019-09-30 23:26:52', 0, NULL),
(1443, 1, 1, 2, '', '', 1, '2019-09-30 23:26:52', 0, NULL),
(1444, 1, 1, 2, '', '', 1, '2019-09-30 23:26:52', 0, NULL),
(1445, 1, 1, 2, '', '', 1, '2019-09-30 23:26:52', 0, NULL),
(1446, 1, 1, 2, '', '', 1, '2019-09-30 23:26:52', 0, NULL),
(1447, 1, 1, 2, '', '', 1, '2019-09-30 23:26:52', 0, NULL),
(1448, 1, 1, 2, '', '', 1, '2019-09-30 23:26:52', 0, NULL),
(1449, 1, 1, 2, '', '', 1, '2019-09-30 23:26:52', 0, NULL),
(1450, 1, 1, 2, '', '', 1, '2019-09-30 23:26:52', 0, NULL),
(1451, 1, 1, 2, '', '', 1, '2019-09-30 23:26:52', 0, NULL),
(1452, 1, 1, 2, '', '', 1, '2019-09-30 23:26:52', 0, NULL),
(1453, 1, 1, 2, '', '', 1, '2019-09-30 23:26:52', 0, NULL),
(1454, 1, 1, 2, '', '', 1, '2019-09-30 23:26:52', 0, NULL),
(1455, 1, 1, 2, '', '', 1, '2019-09-30 23:26:52', 0, NULL),
(1456, 1, 1, 2, '', '', 1, '2019-09-30 23:26:52', 0, NULL),
(1457, 1, 1, 2, '', '', 1, '2019-09-30 23:26:52', 0, NULL),
(1458, 1, 1, 2, '', '', 1, '2019-09-30 23:26:52', 0, NULL),
(1459, 1, 1, 2, '', '', 1, '2019-09-30 23:26:52', 0, NULL),
(1460, 1, 1, 2, '', '', 1, '2019-09-30 23:26:52', 0, NULL),
(1461, 1, 1, 2, '', '', 1, '2019-09-30 23:26:52', 0, NULL),
(1462, 1, 1, 2, '', '', 1, '2019-09-30 23:26:52', 0, NULL),
(1463, 1, 1, 2, '', '', 1, '2019-09-30 23:26:52', 0, NULL),
(1464, 1, 1, 2, '', '', 1, '2019-09-30 23:26:52', 0, NULL),
(1465, 1, 1, 2, '', '', 1, '2019-09-30 23:26:52', 0, NULL),
(1466, 1, 1, 2, '', '', 1, '2019-09-30 23:26:52', 0, NULL),
(1467, 1, 1, 2, '', '', 1, '2019-09-30 23:26:52', 0, NULL),
(1468, 1, 1, 2, '', '', 1, '2019-09-30 23:26:52', 0, NULL),
(1469, 1, 1, 2, '', '', 1, '2019-09-30 23:26:52', 0, NULL),
(1470, 1, 1, 2, '', '', 1, '2019-09-30 23:26:52', 0, NULL),
(1471, 1, 1, 2, '', '', 1, '2019-09-30 23:26:52', 0, NULL),
(1472, 1, 1, 2, '', '', 1, '2019-09-30 23:26:52', 0, NULL),
(1473, 1, 1, 2, '', '', 1, '2019-09-30 23:26:52', 0, NULL),
(1474, 1, 1, 2, '', '', 1, '2019-09-30 23:26:52', 0, NULL),
(1475, 1, 1, 2, '', '', 1, '2019-09-30 23:26:52', 0, NULL),
(1476, 1, 1, 2, '', '', 1, '2019-09-30 23:26:52', 0, NULL),
(1477, 1, 1, 2, '', '', 1, '2019-09-30 23:26:52', 0, NULL),
(1478, 1, 1, 2, '', '', 1, '2019-09-30 23:26:52', 0, NULL),
(1479, 1, 1, 2, '', '', 1, '2019-09-30 23:26:52', 0, NULL),
(1480, 1, 1, 2, '', '', 1, '2019-09-30 23:26:52', 0, NULL),
(1481, 1, 1, 2, '', '', 1, '2019-09-30 23:26:52', 0, NULL),
(1482, 1, 1, 2, '', '', 1, '2019-09-30 23:26:52', 0, NULL),
(1483, 1, 1, 2, '', '', 1, '2019-09-30 23:26:52', 0, NULL),
(1484, 1, 1, 2, '', '', 1, '2019-09-30 23:26:52', 0, NULL),
(1485, 1, 1, 2, '', '', 1, '2019-09-30 23:26:52', 0, NULL),
(1486, 1, 1, 2, '', '', 1, '2019-09-30 23:26:52', 0, NULL),
(1487, 1, 1, 2, '', '', 1, '2019-09-30 23:26:52', 0, NULL),
(1488, 1, 1, 2, '', '', 1, '2019-09-30 23:26:52', 0, NULL),
(1489, 1, 1, 2, '', '', 1, '2019-09-30 23:26:52', 0, NULL),
(1490, 1, 1, 2, '', '', 1, '2019-09-30 23:26:52', 0, NULL),
(1491, 1, 1, 2, '', '', 1, '2019-09-30 23:26:52', 0, NULL),
(1492, 1, 1, 2, '', '', 1, '2019-09-30 23:26:52', 0, NULL),
(1493, 1, 1, 2, '', '', 1, '2019-09-30 23:26:52', 0, NULL),
(1494, 1, 1, 2, '', '', 1, '2019-09-30 23:26:52', 0, NULL),
(1495, 1, 1, 2, '', '', 1, '2019-09-30 23:26:52', 0, NULL),
(1496, 1, 1, 2, '', '', 1, '2019-09-30 23:26:52', 0, NULL),
(1497, 1, 1, 2, '', '', 1, '2019-09-30 23:26:52', 0, NULL),
(1498, 1, 1, 2, '', '', 1, '2019-09-30 23:26:52', 0, NULL),
(1499, 1, 1, 2, '', '', 1, '2019-09-30 23:26:52', 0, NULL),
(1500, 1, 1, 2, '', '', 1, '2019-09-30 23:26:52', 0, NULL),
(1501, 1, 1, 2, '', '', 1, '2019-09-30 23:26:52', 0, NULL),
(1502, 1, 1, 2, '', '', 1, '2019-09-30 23:26:52', 0, NULL),
(1503, 1, 1, 2, '', '', 1, '2019-09-30 23:26:52', 0, NULL),
(1504, 1, 1, 2, '', '', 1, '2019-09-30 23:26:52', 0, NULL),
(1505, 1, 1, 2, '', '', 1, '2019-09-30 23:26:52', 0, NULL),
(1506, 1, 1, 2, '', '', 1, '2019-09-30 23:26:52', 0, NULL),
(1507, 1, 1, 2, '', '', 1, '2019-09-30 23:26:52', 0, NULL),
(1508, 1, 1, 2, '', '', 1, '2019-09-30 23:26:52', 0, NULL),
(1509, 1, 1, 2, '', '', 1, '2019-09-30 23:26:52', 0, NULL),
(1510, 1, 1, 2, '', '', 1, '2019-09-30 23:26:52', 0, NULL),
(1511, 1, 1, 2, '', '', 1, '2019-09-30 23:26:52', 0, NULL),
(1512, 1, 1, 2, '', '', 1, '2019-09-30 23:26:52', 0, NULL),
(1513, 1, 1, 2, '', '', 1, '2019-09-30 23:26:52', 0, NULL),
(1514, 1, 1, 2, '', '', 1, '2019-09-30 23:26:52', 0, NULL),
(1515, 1, 1, 2, '', '', 1, '2019-09-30 23:26:52', 0, NULL),
(1516, 1, 1, 2, '', '', 1, '2019-09-30 23:26:52', 0, NULL),
(1517, 1, 1, 2, '', '', 1, '2019-09-30 23:26:52', 0, NULL),
(1518, 1, 1, 2, '', '', 1, '2019-09-30 23:26:52', 0, NULL),
(1519, 1, 1, 2, '', '', 1, '2019-09-30 23:26:52', 0, NULL),
(1520, 1, 1, 2, '', '', 1, '2019-09-30 23:26:52', 0, NULL),
(1521, 1, 1, 2, '', '', 1, '2019-09-30 23:26:52', 0, NULL),
(1522, 1, 1, 2, '', '', 1, '2019-09-30 23:26:52', 0, NULL),
(1523, 1, 1, 2, '', '', 1, '2019-09-30 23:26:52', 0, NULL),
(1524, 1, 1, 2, '', '', 1, '2019-09-30 23:26:52', 0, NULL),
(1525, 1, 1, 2, '', '', 1, '2019-09-30 23:26:52', 0, NULL),
(1526, 1, 1, 2, '', '', 1, '2019-09-30 23:26:52', 0, NULL),
(1527, 1, 1, 2, '', '', 1, '2019-09-30 23:26:52', 0, NULL),
(1528, 1, 1, 2, '', '', 1, '2019-09-30 23:26:52', 0, NULL),
(1529, 1, 1, 2, '', '', 1, '2019-09-30 23:26:52', 0, NULL),
(1530, 1, 1, 2, '', '', 1, '2019-09-30 23:26:52', 0, NULL),
(1531, 1, 1, 2, '', '', 1, '2019-09-30 23:26:52', 0, NULL),
(1532, 1, 1, 2, '', '', 1, '2019-09-30 23:26:52', 0, NULL),
(1533, 1, 1, 2, '', '', 1, '2019-09-30 23:26:52', 0, NULL),
(1534, 1, 1, 2, '', '', 1, '2019-09-30 23:26:52', 0, NULL),
(1535, 1, 1, 2, '', '', 1, '2019-09-30 23:26:52', 0, NULL),
(1536, 1, 1, 2, '', '', 1, '2019-09-30 23:26:52', 0, NULL),
(1537, 1, 1, 2, '', '', 1, '2019-09-30 23:26:52', 0, NULL),
(1538, 1, 1, 2, '', '', 1, '2019-09-30 23:26:52', 0, NULL),
(1539, 1, 1, 2, '', '', 1, '2019-09-30 23:26:52', 0, NULL),
(1540, 1, 1, 2, '', '', 1, '2019-09-30 23:26:52', 0, NULL),
(1541, 1, 1, 2, '', '', 1, '2019-09-30 23:26:52', 0, NULL),
(1542, 1, 1, 2, '', '', 1, '2019-09-30 23:26:52', 0, NULL),
(1543, 1, 1, 2, '', '', 1, '2019-09-30 23:26:52', 0, NULL),
(1544, 1, 1, 2, '', '', 1, '2019-09-30 23:26:52', 0, NULL),
(1545, 1, 1, 2, '', '', 1, '2019-09-30 23:26:52', 0, NULL),
(1546, 1, 1, 2, '', '', 1, '2019-09-30 23:26:52', 0, NULL),
(1547, 1, 1, 2, '', '', 1, '2019-09-30 23:26:52', 0, NULL),
(1548, 1, 1, 2, '', '', 1, '2019-09-30 23:26:52', 0, NULL),
(1549, 1, 1, 2, '', '', 1, '2019-09-30 23:26:52', 0, NULL),
(1550, 1, 1, 2, '', '', 1, '2019-09-30 23:26:52', 0, NULL),
(1551, 1, 1, 2, '', '', 1, '2019-09-30 23:26:52', 0, NULL),
(1552, 1, 1, 2, '', '', 1, '2019-09-30 23:26:52', 0, NULL),
(1553, 1, 1, 2, '', '', 1, '2019-09-30 23:26:52', 0, NULL),
(1554, 1, 1, 2, '', '', 1, '2019-09-30 23:26:52', 0, NULL),
(1555, 1, 1, 2, '', '', 1, '2019-09-30 23:26:52', 0, NULL),
(1556, 1, 1, 2, '', '', 1, '2019-09-30 23:26:52', 0, NULL),
(1557, 1, 1, 2, '', '', 1, '2019-09-30 23:26:52', 0, NULL),
(1558, 1, 1, 2, '', '', 1, '2019-09-30 23:26:52', 0, NULL),
(1559, 1, 1, 2, '', '', 1, '2019-09-30 23:26:52', 0, NULL),
(1560, 1, 1, 2, '', '', 1, '2019-09-30 23:26:52', 0, NULL),
(1561, 1, 1, 2, '', '', 1, '2019-09-30 23:26:52', 0, NULL),
(1562, 1, 1, 2, '', '', 1, '2019-09-30 23:26:52', 0, NULL),
(1563, 1, 1, 2, '', '', 1, '2019-09-30 23:26:52', 0, NULL),
(1564, 1, 1, 2, '', '', 1, '2019-09-30 23:26:52', 0, NULL),
(1565, 1, 1, 2, '', '', 1, '2019-09-30 23:26:52', 0, NULL),
(1566, 1, 1, 2, '', '', 1, '2019-09-30 23:26:52', 0, NULL),
(1567, 1, 1, 2, '', '', 1, '2019-09-30 23:26:52', 0, NULL),
(1568, 1, 1, 2, '', '', 1, '2019-09-30 23:26:52', 0, NULL),
(1569, 1, 1, 2, '', '', 1, '2019-09-30 23:26:52', 0, NULL),
(1570, 1, 1, 2, '', '', 1, '2019-09-30 23:26:52', 0, NULL),
(1571, 1, 1, 2, '', '', 1, '2019-09-30 23:26:52', 0, NULL),
(1572, 1, 1, 2, '', '', 1, '2019-09-30 23:26:52', 0, NULL),
(1573, 1, 1, 2, '', '', 1, '2019-09-30 23:26:52', 0, NULL),
(1574, 1, 1, 2, '', '', 1, '2019-09-30 23:26:52', 0, NULL),
(1575, 1, 1, 2, '', '', 1, '2019-09-30 23:26:52', 0, NULL),
(1576, 1, 1, 2, '', '', 1, '2019-09-30 23:26:52', 0, NULL),
(1577, 1, 1, 2, '', '', 1, '2019-09-30 23:26:52', 0, NULL),
(1578, 1, 1, 2, '', '', 1, '2019-09-30 23:26:52', 0, NULL),
(1579, 1, 1, 2, '', '', 1, '2019-09-30 23:26:52', 0, NULL),
(1580, 1, 1, 2, '', '', 1, '2019-09-30 23:26:52', 0, NULL),
(1581, 1, 1, 2, '', '', 1, '2019-09-30 23:26:52', 0, NULL),
(1582, 1, 1, 2, '', '', 1, '2019-09-30 23:26:52', 0, NULL),
(1583, 1, 1, 2, '', '', 1, '2019-09-30 23:26:52', 0, NULL),
(1584, 1, 1, 2, '', '', 1, '2019-09-30 23:26:52', 0, NULL),
(1585, 1, 1, 2, '', '', 1, '2019-09-30 23:26:52', 0, NULL),
(1586, 1, 1, 2, '', '', 1, '2019-09-30 23:26:52', 0, NULL),
(1587, 1, 1, 2, '', '', 1, '2019-09-30 23:26:52', 0, NULL),
(1588, 1, 1, 2, '', '', 1, '2019-09-30 23:26:52', 0, NULL),
(1589, 1, 1, 2, '', '', 1, '2019-09-30 23:26:52', 0, NULL),
(1590, 1, 1, 2, '', '', 1, '2019-09-30 23:26:52', 0, NULL),
(1591, 1, 1, 2, '', '', 1, '2019-09-30 23:26:52', 0, NULL),
(1592, 1, 1, 2, '', '', 1, '2019-09-30 23:26:52', 0, NULL),
(1593, 1, 1, 2, '', '', 1, '2019-09-30 23:26:52', 0, NULL),
(1594, 1, 1, 2, '', '', 1, '2019-09-30 23:26:52', 0, NULL),
(1595, 1, 1, 2, '', '', 1, '2019-09-30 23:26:52', 0, NULL),
(1596, 1, 1, 2, '', '', 1, '2019-09-30 23:26:52', 0, NULL),
(1597, 1, 1, 2, '', '', 1, '2019-09-30 23:26:52', 0, NULL),
(1598, 1, 1, 2, '', '', 1, '2019-09-30 23:26:52', 0, NULL),
(1599, 1, 1, 2, '', '', 1, '2019-09-30 23:26:52', 0, NULL),
(1600, 1, 1, 2, '', '', 1, '2019-09-30 23:26:52', 0, NULL),
(1601, 1, 1, 2, '', '', 1, '2019-09-30 23:26:52', 0, NULL),
(1602, 1, 1, 2, '', '', 1, '2019-09-30 23:26:52', 0, NULL),
(1603, 1, 1, 2, '', '', 1, '2019-09-30 23:26:52', 0, NULL),
(1604, 1, 1, 2, '', '', 1, '2019-09-30 23:26:52', 0, NULL),
(1605, 1, 1, 2, '', '', 1, '2019-09-30 23:26:52', 0, NULL),
(1606, 1, 1, 2, '', '', 1, '2019-09-30 23:26:52', 0, NULL),
(1607, 1, 1, 2, '', '', 1, '2019-09-30 23:26:52', 0, NULL),
(1608, 1, 1, 2, '', '', 1, '2019-09-30 23:26:52', 0, NULL),
(1609, 1, 1, 2, '', '', 1, '2019-09-30 23:26:52', 0, NULL),
(1610, 1, 1, 2, '', '', 1, '2019-09-30 23:26:52', 0, NULL),
(1611, 1, 1, 2, '', '', 1, '2019-09-30 23:26:52', 0, NULL),
(1612, 1, 1, 2, '', '', 1, '2019-09-30 23:26:52', 0, NULL),
(1613, 1, 1, 2, '', '', 1, '2019-09-30 23:26:52', 0, NULL),
(1614, 1, 1, 2, '', '', 1, '2019-09-30 23:26:52', 0, NULL),
(1615, 1, 1, 2, '', '', 1, '2019-09-30 23:26:52', 0, NULL),
(1616, 1, 1, 2, '', '', 1, '2019-09-30 23:26:52', 0, NULL),
(1617, 1, 1, 2, '', '', 1, '2019-09-30 23:26:52', 0, NULL),
(1618, 1, 1, 2, '', '', 1, '2019-09-30 23:26:52', 0, NULL),
(1619, 1, 1, 2, '', '', 1, '2019-09-30 23:26:52', 0, NULL),
(1620, 1, 1, 2, '', '', 1, '2019-09-30 23:26:52', 0, NULL),
(1621, 1, 1, 2, '', '', 1, '2019-09-30 23:26:52', 0, NULL),
(1622, 1, 1, 2, '', '', 1, '2019-09-30 23:26:52', 0, NULL),
(1623, 1, 1, 2, '', '', 1, '2019-09-30 23:26:52', 0, NULL),
(1624, 1, 1, 2, '', '', 1, '2019-09-30 23:26:52', 0, NULL),
(1625, 1, 1, 2, '', '', 1, '2019-09-30 23:26:52', 0, NULL),
(1626, 1, 1, 2, '', '', 1, '2019-09-30 23:26:52', 0, NULL),
(1627, 1, 1, 2, '', '', 1, '2019-09-30 23:26:52', 0, NULL),
(1628, 1, 1, 2, '', '', 1, '2019-09-30 23:26:52', 0, NULL),
(1629, 1, 1, 2, '', '', 1, '2019-09-30 23:26:52', 0, NULL),
(1630, 1, 1, 2, '', '', 1, '2019-09-30 23:26:52', 0, NULL),
(1631, 1, 1, 2, '', '', 1, '2019-09-30 23:26:52', 0, NULL),
(1632, 1, 1, 2, '', '', 1, '2019-09-30 23:26:52', 0, NULL),
(1633, 1, 1, 2, '', '', 1, '2019-09-30 23:26:52', 0, NULL),
(1634, 1, 1, 2, '', '', 1, '2019-09-30 23:26:52', 0, NULL),
(1635, 1, 1, 2, '', '', 1, '2019-09-30 23:26:52', 0, NULL),
(1636, 1, 1, 2, '', '', 1, '2019-09-30 23:26:52', 0, NULL),
(1637, 1, 1, 2, '', '', 1, '2019-09-30 23:26:52', 0, NULL),
(1638, 1, 1, 2, '', '', 1, '2019-09-30 23:26:52', 0, NULL),
(1639, 1, 1, 2, '', '', 1, '2019-09-30 23:26:52', 0, NULL),
(1640, 1, 1, 2, '', '', 1, '2019-09-30 23:26:52', 0, NULL),
(1641, 1, 1, 2, '', '', 1, '2019-09-30 23:26:52', 0, NULL),
(1642, 1, 1, 2, '', '', 1, '2019-09-30 23:26:52', 0, NULL),
(1643, 1, 1, 2, '', '', 1, '2019-09-30 23:26:52', 0, NULL),
(1644, 1, 1, 2, '', '', 1, '2019-09-30 23:26:52', 0, NULL),
(1645, 1, 1, 2, '', '', 1, '2019-09-30 23:26:52', 0, NULL),
(1646, 1, 1, 2, '', '', 1, '2019-09-30 23:26:52', 0, NULL),
(1647, 1, 1, 2, '', '', 1, '2019-09-30 23:26:52', 0, NULL),
(1648, 1, 1, 2, '', '', 1, '2019-09-30 23:26:52', 0, NULL),
(1649, 1, 1, 2, '', '', 1, '2019-09-30 23:26:52', 0, NULL),
(1650, 1, 1, 2, '', '', 1, '2019-09-30 23:26:52', 0, NULL),
(1651, 1, 1, 2, '', '', 1, '2019-09-30 23:26:52', 0, NULL),
(1652, 1, 1, 2, '', '', 1, '2019-09-30 23:26:52', 0, NULL),
(1653, 1, 1, 2, '', '', 1, '2019-09-30 23:26:52', 0, NULL),
(1654, 1, 1, 2, '', '', 1, '2019-09-30 23:26:52', 0, NULL),
(1655, 1, 1, 2, '', '', 1, '2019-09-30 23:26:52', 0, NULL),
(1656, 1, 1, 2, '', '', 1, '2019-09-30 23:26:52', 0, NULL),
(1657, 1, 1, 2, '', '', 1, '2019-09-30 23:26:52', 0, NULL),
(1658, 1, 1, 2, '', '', 1, '2019-09-30 23:26:52', 0, NULL),
(1659, 1, 1, 2, '', '', 1, '2019-09-30 23:26:52', 0, NULL),
(1660, 1, 1, 2, '', '', 1, '2019-09-30 23:26:52', 0, NULL),
(1661, 1, 1, 2, '', '', 1, '2019-09-30 23:26:52', 0, NULL),
(1662, 1, 1, 2, '', '', 1, '2019-09-30 23:26:52', 0, NULL),
(1663, 1, 1, 2, '', '', 1, '2019-09-30 23:26:52', 0, NULL),
(1664, 1, 1, 2, '', '', 1, '2019-09-30 23:26:52', 0, NULL),
(1665, 1, 1, 2, '', '', 1, '2019-09-30 23:26:52', 0, NULL),
(1666, 1, 1, 2, '', '', 1, '2019-09-30 23:26:52', 0, NULL),
(1667, 1, 1, 2, '', '', 1, '2019-09-30 23:26:52', 0, NULL),
(1668, 1, 1, 2, '', '', 1, '2019-09-30 23:26:52', 0, NULL),
(1669, 1, 1, 2, '', '', 1, '2019-09-30 23:26:52', 0, NULL),
(1670, 1, 1, 2, '', '', 1, '2019-09-30 23:26:52', 0, NULL),
(1671, 1, 1, 2, '', '', 1, '2019-09-30 23:26:52', 0, NULL),
(1672, 1, 1, 2, '', '', 1, '2019-09-30 23:26:52', 0, NULL),
(1673, 1, 1, 2, '', '', 1, '2019-09-30 23:26:52', 0, NULL),
(1674, 1, 1, 2, '', '', 1, '2019-09-30 23:26:52', 0, NULL),
(1675, 1, 1, 2, '', '', 1, '2019-09-30 23:26:52', 0, NULL),
(1676, 1, 1, 2, '', '', 1, '2019-09-30 23:26:52', 0, NULL),
(1677, 1, 1, 2, '', '', 1, '2019-09-30 23:26:52', 0, NULL),
(1678, 1, 1, 2, '', '', 1, '2019-09-30 23:26:52', 0, NULL),
(1679, 1, 1, 2, '', '', 1, '2019-09-30 23:26:52', 0, NULL),
(1680, 1, 1, 2, '', '', 1, '2019-09-30 23:26:52', 0, NULL),
(1681, 1, 1, 2, '', '', 1, '2019-09-30 23:26:52', 0, NULL),
(1682, 1, 1, 2, '', '', 1, '2019-09-30 23:26:52', 0, NULL),
(1683, 1, 1, 2, '', '', 1, '2019-09-30 23:26:52', 0, NULL),
(1684, 1, 1, 2, '', '', 1, '2019-09-30 23:26:52', 0, NULL),
(1685, 1, 1, 2, '', '', 1, '2019-09-30 23:26:52', 0, NULL),
(1686, 1, 1, 2, '', '', 1, '2019-09-30 23:26:52', 0, NULL),
(1687, 1, 1, 2, '', '', 1, '2019-09-30 23:26:52', 0, NULL),
(1688, 1, 1, 2, '', '', 1, '2019-09-30 23:26:52', 0, NULL),
(1689, 1, 1, 2, '', '', 1, '2019-09-30 23:26:52', 0, NULL),
(1690, 1, 1, 2, '', '', 1, '2019-09-30 23:26:52', 0, NULL),
(1691, 1, 1, 2, '', '', 1, '2019-09-30 23:26:52', 0, NULL),
(1692, 1, 1, 2, '', '', 1, '2019-09-30 23:26:52', 0, NULL),
(1693, 1, 1, 2, '', '', 1, '2019-09-30 23:26:52', 0, NULL),
(1694, 1, 1, 2, '', '', 1, '2019-09-30 23:26:52', 0, NULL),
(1695, 1, 1, 2, '', '', 1, '2019-09-30 23:26:52', 0, NULL),
(1696, 1, 1, 2, '', '', 1, '2019-09-30 23:26:52', 0, NULL),
(1697, 1, 1, 2, '', '', 1, '2019-09-30 23:26:52', 0, NULL),
(1698, 1, 1, 2, '', '', 1, '2019-09-30 23:26:52', 0, NULL),
(1699, 1, 1, 2, '', '', 1, '2019-09-30 23:26:52', 0, NULL),
(1700, 1, 1, 2, '', '', 1, '2019-09-30 23:26:52', 0, NULL),
(1701, 1, 1, 2, '', '', 1, '2019-09-30 23:26:52', 0, NULL),
(1702, 1, 1, 2, '', '', 1, '2019-09-30 23:26:52', 0, NULL),
(1703, 1, 1, 2, '', '', 1, '2019-09-30 23:26:52', 0, NULL),
(1704, 1, 1, 2, '', '', 1, '2019-09-30 23:26:52', 0, NULL),
(1705, 1, 1, 2, '', '', 1, '2019-09-30 23:26:52', 0, NULL),
(1706, 1, 1, 2, '', '', 1, '2019-09-30 23:26:52', 0, NULL),
(1707, 1, 1, 2, '', '', 1, '2019-09-30 23:26:52', 0, NULL),
(1708, 1, 1, 2, '', '', 1, '2019-09-30 23:26:52', 0, NULL),
(1709, 1, 1, 2, '', '', 1, '2019-09-30 23:26:52', 0, NULL),
(1710, 1, 1, 2, '', '', 1, '2019-09-30 23:26:52', 0, NULL),
(1711, 1, 1, 2, '', '', 1, '2019-09-30 23:26:52', 0, NULL),
(1712, 1, 1, 2, '', '', 1, '2019-09-30 23:26:52', 0, NULL),
(1713, 1, 1, 2, '', '', 1, '2019-09-30 23:26:52', 0, NULL),
(1714, 1, 1, 2, '', '', 1, '2019-09-30 23:26:52', 0, NULL),
(1715, 1, 1, 2, '', '', 1, '2019-09-30 23:26:52', 0, NULL),
(1716, 1, 1, 2, '', '', 1, '2019-09-30 23:26:52', 0, NULL),
(1717, 1, 1, 2, '', '', 1, '2019-09-30 23:26:52', 0, NULL),
(1718, 1, 1, 2, '', '', 1, '2019-09-30 23:26:52', 0, NULL),
(1719, 1, 1, 2, '', '', 1, '2019-09-30 23:26:52', 0, NULL),
(1720, 1, 1, 2, '', '', 1, '2019-09-30 23:26:52', 0, NULL),
(1721, 1, 1, 2, '', '', 1, '2019-09-30 23:26:52', 0, NULL),
(1722, 1, 1, 2, '', '', 1, '2019-09-30 23:26:52', 0, NULL),
(1723, 1, 1, 2, '', '', 1, '2019-09-30 23:26:52', 0, NULL),
(1724, 1, 1, 2, '', '', 1, '2019-09-30 23:26:52', 0, NULL),
(1725, 1, 1, 2, '', '', 1, '2019-09-30 23:26:52', 0, NULL),
(1726, 1, 1, 2, '', '', 1, '2019-09-30 23:26:52', 0, NULL),
(1727, 1, 1, 2, '', '', 1, '2019-09-30 23:26:52', 0, NULL),
(1728, 1, 1, 2, '', '', 1, '2019-09-30 23:26:52', 0, NULL),
(1729, 1, 1, 2, '', '', 1, '2019-09-30 23:26:52', 0, NULL),
(1730, 1, 1, 2, '', '', 1, '2019-09-30 23:26:52', 0, NULL),
(1731, 1, 1, 2, '', '', 1, '2019-09-30 23:26:52', 0, NULL),
(1732, 1, 1, 2, '', '', 1, '2019-09-30 23:26:52', 0, NULL),
(1733, 1, 1, 2, '', '', 1, '2019-09-30 23:26:52', 0, NULL),
(1734, 1, 1, 2, '', '', 1, '2019-09-30 23:26:52', 0, NULL);
INSERT INTO `ticket` (`id_ticket_num`, `id_evento_num`, `id_actividad_num`, `id_estado_num`, `recibo_str`, `comentario_str`, `usuario_creador_num`, `dia_creado_dat`, `usuario_modificador_num`, `dia_modificado_dat`) VALUES
(1735, 1, 1, 2, '', '', 1, '2019-09-30 23:26:52', 0, NULL),
(1736, 1, 1, 2, '', '', 1, '2019-09-30 23:26:52', 0, NULL),
(1737, 1, 1, 2, '', '', 1, '2019-09-30 23:26:52', 0, NULL),
(1738, 1, 1, 2, '', '', 1, '2019-09-30 23:26:52', 0, NULL),
(1739, 1, 1, 2, '', '', 1, '2019-09-30 23:26:52', 0, NULL),
(1740, 1, 1, 2, '', '', 1, '2019-09-30 23:26:52', 0, NULL),
(1741, 1, 1, 2, '', '', 1, '2019-09-30 23:26:52', 0, NULL),
(1742, 1, 1, 2, '', '', 1, '2019-09-30 23:26:52', 0, NULL),
(1743, 1, 1, 2, '', '', 1, '2019-09-30 23:26:52', 0, NULL),
(1744, 1, 1, 2, '', '', 1, '2019-09-30 23:26:52', 0, NULL),
(1745, 1, 1, 2, '', '', 1, '2019-09-30 23:26:52', 0, NULL),
(1746, 1, 1, 2, '', '', 1, '2019-09-30 23:26:52', 0, NULL),
(1747, 1, 1, 2, '', '', 1, '2019-09-30 23:26:52', 0, NULL),
(1748, 1, 1, 2, '', '', 1, '2019-09-30 23:26:52', 0, NULL),
(1749, 1, 1, 2, '', '', 1, '2019-09-30 23:26:52', 0, NULL),
(1750, 1, 1, 2, '', '', 1, '2019-09-30 23:26:52', 0, NULL),
(1751, 1, 1, 2, '', '', 1, '2019-09-30 23:26:52', 0, NULL),
(1752, 1, 1, 2, '', '', 1, '2019-09-30 23:26:52', 0, NULL),
(1753, 1, 1, 2, '', '', 1, '2019-09-30 23:26:52', 0, NULL),
(1754, 1, 1, 2, '', '', 1, '2019-09-30 23:26:52', 0, NULL),
(1755, 1, 1, 2, '', '', 1, '2019-09-30 23:26:52', 0, NULL),
(1756, 1, 1, 2, '', '', 1, '2019-09-30 23:26:52', 0, NULL),
(1757, 1, 1, 2, '', '', 1, '2019-09-30 23:26:52', 0, NULL),
(1758, 1, 1, 2, '', '', 1, '2019-09-30 23:26:52', 0, NULL),
(1759, 1, 1, 2, '', '', 1, '2019-09-30 23:26:52', 0, NULL),
(1760, 1, 1, 2, '', '', 1, '2019-09-30 23:26:52', 0, NULL),
(1761, 1, 1, 2, '', '', 1, '2019-09-30 23:26:52', 0, NULL),
(1762, 1, 1, 2, '', '', 1, '2019-09-30 23:26:52', 0, NULL),
(1763, 1, 1, 2, '', '', 1, '2019-09-30 23:26:52', 0, NULL),
(1764, 1, 1, 2, '', '', 1, '2019-09-30 23:26:52', 0, NULL),
(1765, 1, 1, 2, '', '', 1, '2019-09-30 23:26:52', 0, NULL),
(1766, 1, 1, 2, '', '', 1, '2019-09-30 23:26:52', 0, NULL),
(1767, 1, 1, 2, '', '', 1, '2019-09-30 23:26:52', 0, NULL),
(1768, 1, 1, 2, '', '', 1, '2019-09-30 23:26:52', 0, NULL),
(1769, 1, 1, 2, '', '', 1, '2019-09-30 23:26:52', 0, NULL),
(1770, 1, 1, 2, '', '', 1, '2019-09-30 23:26:52', 0, NULL),
(1771, 1, 1, 2, '', '', 1, '2019-09-30 23:26:52', 0, NULL),
(1772, 1, 1, 2, '', '', 1, '2019-09-30 23:26:52', 0, NULL),
(1773, 1, 1, 2, '', '', 1, '2019-09-30 23:26:52', 0, NULL),
(1774, 1, 1, 2, '', '', 1, '2019-09-30 23:26:52', 0, NULL),
(1775, 1, 1, 2, '', '', 1, '2019-09-30 23:26:52', 0, NULL),
(1776, 1, 1, 2, '', '', 1, '2019-09-30 23:26:52', 0, NULL),
(1777, 1, 1, 2, '', '', 1, '2019-09-30 23:26:52', 0, NULL),
(1778, 1, 1, 2, '', '', 1, '2019-09-30 23:26:52', 0, NULL),
(1779, 1, 1, 2, '', '', 1, '2019-09-30 23:26:52', 0, NULL),
(1780, 1, 1, 2, '', '', 1, '2019-09-30 23:26:52', 0, NULL),
(1781, 1, 1, 2, '', '', 1, '2019-09-30 23:26:52', 0, NULL),
(1782, 1, 1, 2, '', '', 1, '2019-09-30 23:26:52', 0, NULL),
(1783, 1, 1, 2, '', '', 1, '2019-09-30 23:26:52', 0, NULL),
(1784, 1, 1, 2, '', '', 1, '2019-09-30 23:26:52', 0, NULL),
(1785, 1, 1, 2, '', '', 1, '2019-09-30 23:26:52', 0, NULL),
(1786, 1, 1, 2, '', '', 1, '2019-09-30 23:26:52', 0, NULL),
(1787, 1, 1, 2, '', '', 1, '2019-09-30 23:26:52', 0, NULL),
(1788, 1, 1, 2, '', '', 1, '2019-09-30 23:26:52', 0, NULL),
(1789, 1, 1, 2, '', '', 1, '2019-09-30 23:26:52', 0, NULL),
(1790, 1, 1, 2, '', '', 1, '2019-09-30 23:26:52', 0, NULL),
(1791, 1, 1, 2, '', '', 1, '2019-09-30 23:26:52', 0, NULL),
(1792, 1, 1, 2, '', '', 1, '2019-09-30 23:26:52', 0, NULL),
(1793, 1, 1, 2, '', '', 1, '2019-09-30 23:26:52', 0, NULL),
(1794, 1, 1, 2, '', '', 1, '2019-09-30 23:26:52', 0, NULL),
(1795, 1, 1, 2, '', '', 1, '2019-09-30 23:26:52', 0, NULL),
(1796, 1, 1, 2, '', '', 1, '2019-09-30 23:26:52', 0, NULL),
(1797, 1, 1, 2, '', '', 1, '2019-09-30 23:26:52', 0, NULL),
(1798, 1, 1, 2, '', '', 1, '2019-09-30 23:26:52', 0, NULL),
(1799, 1, 1, 2, '', '', 1, '2019-09-30 23:26:52', 0, NULL),
(1800, 1, 1, 2, '', '', 1, '2019-09-30 23:26:52', 0, NULL),
(1801, 1, 1, 2, '', '', 1, '2019-09-30 23:26:52', 0, NULL),
(1802, 1, 1, 2, '', '', 1, '2019-09-30 23:26:52', 0, NULL),
(1803, 1, 1, 2, '', '', 1, '2019-09-30 23:26:52', 0, NULL),
(1804, 1, 1, 2, '', '', 1, '2019-09-30 23:26:52', 0, NULL),
(1805, 1, 1, 2, '', '', 1, '2019-09-30 23:26:52', 0, NULL),
(1806, 1, 1, 2, '', '', 1, '2019-09-30 23:26:52', 0, NULL),
(1807, 1, 1, 2, '', '', 1, '2019-09-30 23:26:52', 0, NULL),
(1808, 1, 1, 2, '', '', 1, '2019-09-30 23:26:52', 0, NULL),
(1809, 1, 1, 2, '', '', 1, '2019-09-30 23:26:52', 0, NULL),
(1810, 1, 1, 2, '', '', 1, '2019-09-30 23:26:52', 0, NULL),
(1811, 1, 1, 2, '', '', 1, '2019-09-30 23:26:52', 0, NULL),
(1812, 1, 1, 2, '', '', 1, '2019-09-30 23:26:52', 0, NULL),
(1813, 1, 1, 2, '', '', 1, '2019-09-30 23:26:52', 0, NULL),
(1814, 1, 1, 2, '', '', 1, '2019-09-30 23:26:52', 0, NULL),
(1815, 1, 1, 2, '', '', 1, '2019-09-30 23:26:52', 0, NULL),
(1816, 1, 1, 2, '', '', 1, '2019-09-30 23:26:52', 0, NULL),
(1817, 1, 1, 2, '', '', 1, '2019-09-30 23:26:52', 0, NULL),
(1818, 1, 1, 2, '', '', 1, '2019-09-30 23:26:52', 0, NULL),
(1819, 1, 1, 2, '', '', 1, '2019-09-30 23:26:52', 0, NULL),
(1820, 1, 1, 2, '', '', 1, '2019-09-30 23:26:52', 0, NULL),
(1821, 1, 1, 2, '', '', 1, '2019-09-30 23:26:52', 0, NULL),
(1822, 1, 1, 2, '', '', 1, '2019-09-30 23:26:52', 0, NULL),
(1823, 1, 1, 2, '', '', 1, '2019-09-30 23:26:52', 0, NULL),
(1824, 1, 1, 2, '', '', 1, '2019-09-30 23:26:52', 0, NULL),
(1825, 1, 1, 2, '', '', 1, '2019-09-30 23:26:52', 0, NULL),
(1826, 1, 1, 2, '', '', 1, '2019-09-30 23:26:52', 0, NULL),
(1827, 1, 1, 2, '', '', 1, '2019-09-30 23:26:52', 0, NULL),
(1828, 1, 1, 2, '', '', 1, '2019-09-30 23:26:52', 0, NULL),
(1829, 1, 1, 2, '', '', 1, '2019-09-30 23:26:52', 0, NULL),
(1830, 1, 1, 2, '', '', 1, '2019-09-30 23:26:52', 0, NULL),
(1831, 1, 1, 2, '', '', 1, '2019-09-30 23:26:52', 0, NULL),
(1832, 1, 1, 2, '', '', 1, '2019-09-30 23:26:52', 0, NULL),
(1833, 1, 1, 2, '', '', 1, '2019-09-30 23:26:52', 0, NULL),
(1834, 1, 1, 2, '', '', 1, '2019-09-30 23:26:52', 0, NULL),
(1835, 1, 1, 2, '', '', 1, '2019-09-30 23:26:52', 0, NULL),
(1836, 1, 1, 2, '', '', 1, '2019-09-30 23:26:52', 0, NULL),
(1837, 1, 1, 2, '', '', 1, '2019-09-30 23:26:52', 0, NULL),
(1838, 1, 1, 2, '', '', 1, '2019-09-30 23:26:52', 0, NULL),
(1839, 1, 1, 2, '', '', 1, '2019-09-30 23:26:52', 0, NULL),
(1840, 1, 1, 2, '', '', 1, '2019-09-30 23:26:52', 0, NULL),
(1841, 1, 1, 2, '', '', 1, '2019-09-30 23:26:52', 0, NULL),
(1842, 1, 1, 2, '', '', 1, '2019-09-30 23:26:52', 0, NULL),
(1843, 1, 1, 2, '', '', 1, '2019-09-30 23:26:52', 0, NULL),
(1844, 1, 1, 2, '', '', 1, '2019-09-30 23:26:52', 0, NULL),
(1845, 1, 1, 2, '', '', 1, '2019-09-30 23:26:52', 0, NULL),
(1846, 1, 1, 2, '', '', 1, '2019-09-30 23:26:52', 0, NULL),
(1847, 1, 1, 2, '', '', 1, '2019-09-30 23:26:52', 0, NULL),
(1848, 1, 1, 2, '', '', 1, '2019-09-30 23:26:52', 0, NULL),
(1849, 1, 1, 2, '', '', 1, '2019-09-30 23:26:52', 0, NULL),
(1850, 1, 1, 2, '', '', 1, '2019-09-30 23:26:52', 0, NULL),
(1851, 1, 1, 2, '', '', 1, '2019-09-30 23:26:52', 0, NULL),
(1852, 1, 1, 2, '', '', 1, '2019-09-30 23:26:52', 0, NULL),
(1853, 1, 1, 2, '', '', 1, '2019-09-30 23:26:52', 0, NULL),
(1854, 1, 1, 2, '', '', 1, '2019-09-30 23:26:52', 0, NULL),
(1855, 1, 1, 2, '', '', 1, '2019-09-30 23:26:52', 0, NULL),
(1856, 1, 1, 2, '', '', 1, '2019-09-30 23:26:52', 0, NULL),
(1857, 1, 1, 2, '', '', 1, '2019-09-30 23:26:52', 0, NULL),
(1858, 1, 1, 2, '', '', 1, '2019-09-30 23:26:52', 0, NULL),
(1859, 1, 1, 2, '', '', 1, '2019-09-30 23:26:52', 0, NULL),
(1860, 1, 1, 2, '', '', 1, '2019-09-30 23:26:52', 0, NULL),
(1861, 1, 1, 2, '', '', 1, '2019-09-30 23:26:52', 0, NULL),
(1862, 1, 1, 2, '', '', 1, '2019-09-30 23:26:52', 0, NULL),
(1863, 1, 1, 2, '', '', 1, '2019-09-30 23:26:52', 0, NULL),
(1864, 1, 1, 2, '', '', 1, '2019-09-30 23:26:52', 0, NULL),
(1865, 1, 1, 2, '', '', 1, '2019-09-30 23:26:52', 0, NULL),
(1866, 1, 1, 2, '', '', 1, '2019-09-30 23:26:52', 0, NULL),
(1867, 1, 1, 2, '', '', 1, '2019-09-30 23:26:52', 0, NULL),
(1868, 1, 1, 2, '', '', 1, '2019-09-30 23:26:52', 0, NULL),
(1869, 1, 1, 2, '', '', 1, '2019-09-30 23:26:52', 0, NULL),
(1870, 1, 1, 2, '', '', 1, '2019-09-30 23:26:52', 0, NULL),
(1871, 1, 1, 2, '', '', 1, '2019-09-30 23:26:52', 0, NULL),
(1872, 1, 1, 2, '', '', 1, '2019-09-30 23:26:52', 0, NULL),
(1873, 1, 1, 2, '', '', 1, '2019-09-30 23:26:52', 0, NULL),
(1874, 1, 1, 2, '', '', 1, '2019-09-30 23:26:52', 0, NULL),
(1875, 1, 1, 2, '', '', 1, '2019-09-30 23:26:52', 0, NULL),
(1876, 1, 1, 2, '', '', 1, '2019-09-30 23:26:52', 0, NULL),
(1877, 1, 1, 2, '', '', 1, '2019-09-30 23:26:52', 0, NULL),
(1878, 1, 1, 2, '', '', 1, '2019-09-30 23:26:52', 0, NULL),
(1879, 1, 1, 2, '', '', 1, '2019-09-30 23:26:52', 0, NULL),
(1880, 1, 1, 2, '', '', 1, '2019-09-30 23:26:52', 0, NULL),
(1881, 1, 1, 2, '', '', 1, '2019-09-30 23:26:52', 0, NULL),
(1882, 1, 1, 2, '', '', 1, '2019-09-30 23:26:52', 0, NULL),
(1883, 1, 1, 2, '', '', 1, '2019-09-30 23:26:52', 0, NULL),
(1884, 1, 1, 2, '', '', 1, '2019-09-30 23:26:52', 0, NULL),
(1885, 1, 1, 2, '', '', 1, '2019-09-30 23:26:52', 0, NULL),
(1886, 1, 1, 2, '', '', 1, '2019-09-30 23:26:52', 0, NULL),
(1887, 1, 1, 2, '', '', 1, '2019-09-30 23:26:52', 0, NULL),
(1888, 1, 1, 2, '', '', 1, '2019-09-30 23:26:52', 0, NULL),
(1889, 1, 1, 2, '', '', 1, '2019-09-30 23:26:52', 0, NULL),
(1890, 1, 1, 2, '', '', 1, '2019-09-30 23:26:52', 0, NULL),
(1891, 1, 1, 2, '', '', 1, '2019-09-30 23:26:52', 0, NULL),
(1892, 1, 1, 2, '', '', 1, '2019-09-30 23:26:52', 0, NULL),
(1893, 1, 1, 2, '', '', 1, '2019-09-30 23:26:52', 0, NULL),
(1894, 1, 1, 2, '', '', 1, '2019-09-30 23:26:52', 0, NULL),
(1895, 1, 1, 2, '', '', 1, '2019-09-30 23:26:52', 0, NULL),
(1896, 1, 1, 2, '', '', 1, '2019-09-30 23:26:52', 0, NULL),
(1897, 1, 1, 2, '', '', 1, '2019-09-30 23:26:52', 0, NULL),
(1898, 1, 1, 2, '', '', 1, '2019-09-30 23:26:52', 0, NULL),
(1899, 1, 1, 2, '', '', 1, '2019-09-30 23:26:52', 0, NULL),
(1900, 1, 1, 2, '', '', 1, '2019-09-30 23:26:52', 0, NULL),
(1901, 1, 1, 2, '', '', 1, '2019-09-30 23:26:52', 0, NULL),
(1902, 1, 1, 2, '', '', 1, '2019-09-30 23:26:52', 0, NULL),
(1903, 1, 1, 2, '', '', 1, '2019-09-30 23:26:52', 0, NULL),
(1904, 1, 1, 2, '', '', 1, '2019-09-30 23:26:52', 0, NULL),
(1905, 1, 1, 2, '', '', 1, '2019-09-30 23:26:52', 0, NULL),
(1906, 1, 1, 2, '', '', 1, '2019-09-30 23:26:52', 0, NULL),
(1907, 1, 1, 2, '', '', 1, '2019-09-30 23:26:52', 0, NULL),
(1908, 1, 1, 2, '', '', 1, '2019-09-30 23:26:52', 0, NULL),
(1909, 1, 1, 2, '', '', 1, '2019-09-30 23:26:52', 0, NULL),
(1910, 1, 1, 2, '', '', 1, '2019-09-30 23:26:52', 0, NULL),
(1911, 1, 1, 2, '', '', 1, '2019-09-30 23:26:52', 0, NULL),
(1912, 1, 1, 2, '', '', 1, '2019-09-30 23:26:52', 0, NULL),
(1913, 1, 1, 2, '', '', 1, '2019-09-30 23:26:52', 0, NULL),
(1914, 1, 1, 2, '', '', 1, '2019-09-30 23:26:52', 0, NULL),
(1915, 1, 1, 2, '', '', 1, '2019-09-30 23:26:52', 0, NULL),
(1916, 1, 1, 2, '', '', 1, '2019-09-30 23:26:52', 0, NULL),
(1917, 1, 1, 2, '', '', 1, '2019-09-30 23:26:52', 0, NULL),
(1918, 1, 1, 2, '', '', 1, '2019-09-30 23:26:52', 0, NULL),
(1919, 1, 1, 2, '', '', 1, '2019-09-30 23:26:52', 0, NULL),
(1920, 1, 1, 2, '', '', 1, '2019-09-30 23:26:52', 0, NULL),
(1921, 1, 1, 2, '', '', 1, '2019-09-30 23:26:52', 0, NULL),
(1922, 1, 1, 2, '', '', 1, '2019-09-30 23:26:52', 0, NULL),
(1923, 1, 1, 2, '', '', 1, '2019-09-30 23:26:52', 0, NULL),
(1924, 1, 1, 2, '', '', 1, '2019-09-30 23:26:52', 0, NULL),
(1925, 1, 1, 2, '', '', 1, '2019-09-30 23:26:52', 0, NULL),
(1926, 1, 1, 2, '', '', 1, '2019-09-30 23:26:52', 0, NULL),
(1927, 1, 1, 2, '', '', 1, '2019-09-30 23:26:52', 0, NULL),
(1928, 1, 1, 2, '', '', 1, '2019-09-30 23:26:52', 0, NULL),
(1929, 1, 1, 2, '', '', 1, '2019-09-30 23:26:52', 0, NULL),
(1930, 1, 1, 2, '', '', 1, '2019-09-30 23:26:52', 0, NULL),
(1931, 1, 1, 2, '', '', 1, '2019-09-30 23:26:52', 0, NULL),
(1932, 1, 1, 2, '', '', 1, '2019-09-30 23:26:52', 0, NULL),
(1933, 1, 1, 2, '', '', 1, '2019-09-30 23:26:52', 0, NULL),
(1934, 1, 1, 2, '', '', 1, '2019-09-30 23:26:52', 0, NULL),
(1935, 1, 1, 2, '', '', 1, '2019-09-30 23:26:52', 0, NULL),
(1936, 1, 1, 2, '', '', 1, '2019-09-30 23:26:52', 0, NULL),
(1937, 1, 1, 2, '', '', 1, '2019-09-30 23:26:52', 0, NULL),
(1938, 1, 1, 2, '', '', 1, '2019-09-30 23:26:52', 0, NULL),
(1939, 1, 1, 2, '', '', 1, '2019-09-30 23:26:52', 0, NULL),
(1940, 1, 1, 2, '', '', 1, '2019-09-30 23:26:52', 0, NULL),
(1941, 1, 1, 2, '', '', 1, '2019-09-30 23:26:52', 0, NULL),
(1942, 1, 1, 2, '', '', 1, '2019-09-30 23:26:52', 0, NULL),
(1943, 1, 1, 2, '', '', 1, '2019-09-30 23:26:52', 0, NULL),
(1944, 1, 1, 2, '', '', 1, '2019-09-30 23:26:52', 0, NULL),
(1945, 1, 1, 2, '', '', 1, '2019-09-30 23:26:52', 0, NULL),
(1946, 1, 1, 2, '', '', 1, '2019-09-30 23:26:52', 0, NULL),
(1947, 1, 1, 2, '', '', 1, '2019-09-30 23:26:52', 0, NULL),
(1948, 1, 1, 2, '', '', 1, '2019-09-30 23:26:52', 0, NULL),
(1949, 1, 1, 2, '', '', 1, '2019-09-30 23:26:52', 0, NULL),
(1950, 1, 1, 2, '', '', 1, '2019-09-30 23:26:52', 0, NULL),
(1951, 1, 1, 2, '', '', 1, '2019-09-30 23:26:52', 0, NULL),
(1952, 1, 1, 2, '', '', 1, '2019-09-30 23:26:52', 0, NULL),
(1953, 1, 1, 2, '', '', 1, '2019-09-30 23:26:52', 0, NULL),
(1954, 1, 1, 2, '', '', 1, '2019-09-30 23:26:52', 0, NULL),
(1955, 1, 1, 2, '', '', 1, '2019-09-30 23:26:52', 0, NULL),
(1956, 1, 1, 2, '', '', 1, '2019-09-30 23:26:52', 0, NULL),
(1957, 1, 1, 2, '', '', 1, '2019-09-30 23:26:52', 0, NULL),
(1958, 1, 1, 2, '', '', 1, '2019-09-30 23:26:52', 0, NULL),
(1959, 1, 1, 2, '', '', 1, '2019-09-30 23:26:52', 0, NULL),
(1960, 1, 1, 2, '', '', 1, '2019-09-30 23:26:52', 0, NULL),
(1961, 1, 1, 2, '', '', 1, '2019-09-30 23:26:52', 0, NULL),
(1962, 1, 1, 2, '', '', 1, '2019-09-30 23:26:52', 0, NULL),
(1963, 1, 1, 2, '', '', 1, '2019-09-30 23:26:52', 0, NULL),
(1964, 1, 1, 2, '', '', 1, '2019-09-30 23:26:52', 0, NULL),
(1965, 1, 1, 2, '', '', 1, '2019-09-30 23:26:52', 0, NULL),
(1966, 1, 1, 2, '', '', 1, '2019-09-30 23:26:52', 0, NULL),
(1967, 1, 1, 2, '', '', 1, '2019-09-30 23:26:52', 0, NULL),
(1968, 1, 1, 2, '', '', 1, '2019-09-30 23:26:52', 0, NULL),
(1969, 1, 1, 2, '', '', 1, '2019-09-30 23:26:52', 0, NULL),
(1970, 1, 1, 2, '', '', 1, '2019-09-30 23:26:52', 0, NULL),
(1971, 1, 1, 2, '', '', 1, '2019-09-30 23:26:52', 0, NULL),
(1972, 1, 1, 2, '', '', 1, '2019-09-30 23:26:52', 0, NULL),
(1973, 1, 1, 2, '', '', 1, '2019-09-30 23:26:52', 0, NULL),
(1974, 1, 1, 2, '', '', 1, '2019-09-30 23:26:52', 0, NULL),
(1975, 1, 1, 2, '', '', 1, '2019-09-30 23:26:52', 0, NULL),
(1976, 1, 1, 2, '', '', 1, '2019-09-30 23:26:52', 0, NULL),
(1977, 1, 1, 2, '', '', 1, '2019-09-30 23:26:52', 0, NULL),
(1978, 1, 1, 2, '', '', 1, '2019-09-30 23:26:52', 0, NULL),
(1979, 1, 1, 2, '', '', 1, '2019-09-30 23:26:52', 0, NULL),
(1980, 1, 1, 2, '', '', 1, '2019-09-30 23:26:52', 0, NULL),
(1981, 1, 1, 2, '', '', 1, '2019-09-30 23:26:52', 0, NULL),
(1982, 1, 1, 2, '', '', 1, '2019-09-30 23:26:52', 0, NULL),
(1983, 1, 1, 2, '', '', 1, '2019-09-30 23:26:52', 0, NULL),
(1984, 1, 1, 2, '', '', 1, '2019-09-30 23:26:52', 0, NULL),
(1985, 1, 1, 2, '', '', 1, '2019-09-30 23:26:52', 0, NULL),
(1986, 1, 1, 2, '', '', 1, '2019-09-30 23:26:52', 0, NULL),
(1987, 1, 1, 2, '', '', 1, '2019-09-30 23:26:52', 0, NULL),
(1988, 1, 1, 2, '', '', 1, '2019-09-30 23:26:52', 0, NULL),
(1989, 1, 1, 2, '', '', 1, '2019-09-30 23:26:52', 0, NULL),
(1990, 1, 1, 2, '', '', 1, '2019-09-30 23:26:52', 0, NULL),
(1991, 1, 1, 2, '', '', 1, '2019-09-30 23:26:52', 0, NULL),
(1992, 1, 1, 2, '', '', 1, '2019-09-30 23:26:52', 0, NULL),
(1993, 1, 1, 2, '', '', 1, '2019-09-30 23:26:52', 0, NULL),
(1994, 1, 1, 2, '', '', 1, '2019-09-30 23:26:52', 0, NULL),
(1995, 1, 1, 2, '', '', 1, '2019-09-30 23:26:52', 0, NULL),
(1996, 1, 1, 2, '', '', 1, '2019-09-30 23:26:52', 0, NULL),
(1997, 1, 1, 2, '', '', 1, '2019-09-30 23:26:52', 0, NULL),
(1998, 1, 1, 2, '', '', 1, '2019-09-30 23:26:52', 0, NULL),
(1999, 1, 1, 2, '', '', 1, '2019-09-30 23:26:52', 0, NULL),
(2000, 1, 1, 2, '', '', 1, '2019-09-30 23:26:52', 0, NULL);

-- --------------------------------------------------------

--
-- Estructura de tabla para la tabla `usuario`
--

CREATE TABLE `usuario` (
  `id_usuario_num` int(10) UNSIGNED NOT NULL,
  `usuario_str` varchar(30) NOT NULL,
  `contraseia_str` varchar(30) NOT NULL,
  `id_rol_num` int(10) UNSIGNED NOT NULL,
  `id_persona_num` int(10) UNSIGNED NOT NULL,
  `activo_num` int(10) UNSIGNED NOT NULL,
  `usuario_creador_num` int(11) NOT NULL,
  `dia_creado_dat` datetime DEFAULT NULL,
  `usuario_modificador_num` int(11) NOT NULL,
  `dia_modificado_dat` datetime DEFAULT NULL
) ENGINE=InnoDB DEFAULT CHARSET=latin1;

--
-- Volcado de datos para la tabla `usuario`
--

INSERT INTO `usuario` (`id_usuario_num`, `usuario_str`, `contraseia_str`, `id_rol_num`, `id_persona_num`, `activo_num`, `usuario_creador_num`, `dia_creado_dat`, `usuario_modificador_num`, `dia_modificado_dat`) VALUES
(1, 'ecerron', '123', 1, 1, 1, 1, '2019-09-30 00:00:00', 0, NULL),
(2, 'jandrade', '456', 2, 2, 1, 1, '2019-09-30 00:00:00', 0, NULL),
(3, 'acarrion', '123', 3, 3, 1, 1, '2019-09-30 00:00:00', 0, NULL);

--
-- Índices para tablas volcadas
--

--
-- Indices de la tabla `actividad`
--
ALTER TABLE `actividad`
  ADD PRIMARY KEY (`id_actividad_num`);

--
-- Indices de la tabla `estado`
--
ALTER TABLE `estado`
  ADD PRIMARY KEY (`id_estado_num`);

--
-- Indices de la tabla `evento`
--
ALTER TABLE `evento`
  ADD PRIMARY KEY (`id_evento_num`);

--
-- Indices de la tabla `persona`
--
ALTER TABLE `persona`
  ADD PRIMARY KEY (`id_persona_num`);

--
-- Indices de la tabla `rol`
--
ALTER TABLE `rol`
  ADD PRIMARY KEY (`id_rol_num`);

--
-- Indices de la tabla `ticket`
--
ALTER TABLE `ticket`
  ADD PRIMARY KEY (`id_ticket_num`),
  ADD KEY `id_evento` (`id_evento_num`),
  ADD KEY `id_actividad` (`id_actividad_num`),
  ADD KEY `id_estado` (`id_estado_num`);

--
-- Indices de la tabla `usuario`
--
ALTER TABLE `usuario`
  ADD PRIMARY KEY (`id_usuario_num`),
  ADD KEY `id_rol` (`id_rol_num`),
  ADD KEY `id_persona` (`id_persona_num`);

--
-- AUTO_INCREMENT de las tablas volcadas
--

--
-- AUTO_INCREMENT de la tabla `actividad`
--
ALTER TABLE `actividad`
  MODIFY `id_actividad_num` int(10) UNSIGNED NOT NULL AUTO_INCREMENT, AUTO_INCREMENT=3;

--
-- AUTO_INCREMENT de la tabla `estado`
--
ALTER TABLE `estado`
  MODIFY `id_estado_num` int(10) UNSIGNED NOT NULL AUTO_INCREMENT, AUTO_INCREMENT=3;

--
-- AUTO_INCREMENT de la tabla `evento`
--
ALTER TABLE `evento`
  MODIFY `id_evento_num` int(10) UNSIGNED NOT NULL AUTO_INCREMENT, AUTO_INCREMENT=14;

--
-- AUTO_INCREMENT de la tabla `persona`
--
ALTER TABLE `persona`
  MODIFY `id_persona_num` int(10) UNSIGNED NOT NULL AUTO_INCREMENT, AUTO_INCREMENT=4;

--
-- AUTO_INCREMENT de la tabla `rol`
--
ALTER TABLE `rol`
  MODIFY `id_rol_num` int(10) UNSIGNED NOT NULL AUTO_INCREMENT, AUTO_INCREMENT=4;

--
-- AUTO_INCREMENT de la tabla `ticket`
--
ALTER TABLE `ticket`
  MODIFY `id_ticket_num` int(10) UNSIGNED NOT NULL AUTO_INCREMENT, AUTO_INCREMENT=2001;

--
-- AUTO_INCREMENT de la tabla `usuario`
--
ALTER TABLE `usuario`
  MODIFY `id_usuario_num` int(10) UNSIGNED NOT NULL AUTO_INCREMENT, AUTO_INCREMENT=16;

--
-- Restricciones para tablas volcadas
--

--
-- Filtros para la tabla `ticket`
--
ALTER TABLE `ticket`
  ADD CONSTRAINT `ticket_ibfk_1` FOREIGN KEY (`id_evento_num`) REFERENCES `evento` (`id_evento_num`),
  ADD CONSTRAINT `ticket_ibfk_2` FOREIGN KEY (`id_actividad_num`) REFERENCES `actividad` (`id_actividad_num`),
  ADD CONSTRAINT `ticket_ibfk_3` FOREIGN KEY (`id_estado_num`) REFERENCES `estado` (`id_estado_num`);

--
-- Filtros para la tabla `usuario`
--
ALTER TABLE `usuario`
  ADD CONSTRAINT `usuario_ibfk_1` FOREIGN KEY (`id_rol_num`) REFERENCES `rol` (`id_rol_num`),
  ADD CONSTRAINT `usuario_ibfk_2` FOREIGN KEY (`id_persona_num`) REFERENCES `persona` (`id_persona_num`);
COMMIT;

/*!40101 SET CHARACTER_SET_CLIENT=@OLD_CHARACTER_SET_CLIENT */;
/*!40101 SET CHARACTER_SET_RESULTS=@OLD_CHARACTER_SET_RESULTS */;
/*!40101 SET COLLATION_CONNECTION=@OLD_COLLATION_CONNECTION */;
